DateTime,day_type,temp,year
2015-01-01,Sunday/Holiday,-1.041753,2015
2015-01-02,Saturday,6.6147103,2015
2015-01-03,Sunday/Holiday,1.9604455,2015
2015-01-04,Weekday,1.1306306,2015
2015-01-05,Weekday,-0.67665774,2015
2015-01-06,Sunday/Holiday,-0.08563044,2015
2015-01-07,Weekday,-3.6883383,2015
2015-01-08,Weekday,-2.0539734,2015
2015-01-09,Saturday,6.558738,2015
2015-01-10,Sunday/Holiday,13.62765,2015
2015-01-11,Weekday,5.1798596,2015
2015-01-12,Weekday,2.2991579,2015
2015-01-13,Weekday,7.321404,2015
2015-01-14,Weekday,5.4499764,2015
2015-01-15,Weekday,3.4904902,2015
2015-01-16,Saturday,7.4826217,2015
2015-01-17,Sunday/Holiday,7.2242007,2015
2015-01-18,Weekday,2.0334136,2015
2015-01-19,Weekday,1.0096769,2015
2015-01-20,Weekday,-0.0012734731,2015
2015-01-21,Weekday,1.194137,2015
2015-01-22,Weekday,1.6705092,2015
2015-01-23,Saturday,2.8641367,2015
2015-01-24,Sunday/Holiday,1.922709,2015
2015-01-25,Weekday,0.87126404,2015
2015-01-26,Weekday,-1.2379516,2015
2015-01-27,Weekday,-1.0568042,2015
2015-01-28,Weekday,-0.52241725,2015
2015-01-29,Weekday,-2.0223038,2015
2015-01-30,Saturday,-1.1352116,2015
2015-01-31,Sunday/Holiday,-0.885515,2015
2015-02-01,Weekday,-1.5192676,2015
2015-02-02,Weekday,-1.3520151,2015
2015-02-03,Weekday,-1.7439796,2015
2015-02-04,Weekday,-2.3397837,2015
2015-02-05,Weekday,-3.077836,2015
2015-02-06,Saturday,-1.8067746,2015
2015-02-07,Sunday/Holiday,-3.6954803,2015
2015-02-08,Weekday,-2.7198055,2015
2015-02-09,Weekday,-1.8230333,2015
2015-02-10,Weekday,4.1967974,2015
2015-02-11,Weekday,0.90059227,2015
2015-02-12,Weekday,-0.5108607,2015
2015-02-13,Saturday,-0.54170495,2015
2015-02-14,Sunday/Holiday,0.5548167,2015
2015-02-15,Weekday,2.2928329,2015
2015-02-16,Weekday,2.6146643,2015
2015-02-17,Weekday,0.09539502,2015
2015-02-18,Weekday,-0.80944824,2015
2015-02-19,Weekday,1.36491,2015
2015-02-20,Saturday,5.2609525,2015
2015-02-21,Sunday/Holiday,4.3904376,2015
2015-02-22,Weekday,3.018216,2015
2015-02-23,Weekday,2.9299562,2015
2015-02-24,Weekday,3.0162604,2015
2015-02-25,Weekday,3.0425594,2015
2015-02-26,Weekday,4.064626,2015
2015-02-27,Saturday,2.9038093,2015
2015-02-28,Sunday/Holiday,3.1641176,2015
2015-03-01,Weekday,4.1114144,2015
2015-03-02,Weekday,6.3088765,2015
2015-03-03,Weekday,4.237516,2015
2015-03-04,Weekday,4.389527,2015
2015-03-05,Weekday,2.4251375,2015
2015-03-06,Saturday,1.6790279,2015
2015-03-07,Sunday/Holiday,3.271272,2015
2015-03-08,Weekday,3.6739223,2015
2015-03-09,Weekday,3.5520308,2015
2015-03-10,Weekday,6.24538,2015
2015-03-11,Weekday,5.8914456,2015
2015-03-12,Weekday,2.7239752,2015
2015-03-13,Saturday,2.7628021,2015
2015-03-14,Sunday/Holiday,2.5680869,2015
2015-03-15,Weekday,1.9899422,2015
2015-03-16,Weekday,4.7332506,2015
2015-03-17,Weekday,6.1261196,2015
2015-03-18,Weekday,6.1008906,2015
2015-03-19,Weekday,5.8509583,2015
2015-03-20,Saturday,5.7493215,2015
2015-03-21,Sunday/Holiday,8.342107,2015
2015-03-22,Weekday,7.0683937,2015
2015-03-23,Weekday,4.614834,2015
2015-03-24,Weekday,7.929892,2015
2015-03-25,Weekday,8.065811,2015
2015-03-26,Weekday,8.463881,2015
2015-03-27,Saturday,6.0366344,2015
2015-03-28,Sunday/Holiday,6.1062145,2015
2015-03-29,Weekday,7.5064716,2015
2015-03-30,Weekday,8.333882,2015
2015-03-31,Weekday,7.2351418,2015
2015-04-01,Weekday,2.9733913,2015
2015-04-02,Weekday,2.404062,2015
2015-04-03,Saturday,2.8901062,2015
2015-04-04,Sunday/Holiday,2.4135058,2015
2015-04-05,Weekday,2.1179292,2015
2015-04-06,Sunday/Holiday,0.6274328,2015
2015-04-07,Weekday,2.3878787,2015
2015-04-08,Weekday,6.65123,2015
2015-04-09,Weekday,7.190472,2015
2015-04-10,Saturday,11.007445,2015
2015-04-11,Sunday/Holiday,12.700375,2015
2015-04-12,Weekday,13.268592,2015
2015-04-13,Weekday,14.099164,2015
2015-04-14,Weekday,10.439336,2015
2015-04-15,Weekday,16.427595,2015
2015-04-16,Weekday,18.423365,2015
2015-04-17,Saturday,14.007398,2015
2015-04-18,Sunday/Holiday,5.868281,2015
2015-04-19,Weekday,5.660399,2015
2015-04-20,Weekday,9.980157,2015
2015-04-21,Weekday,13.095665,2015
2015-04-22,Weekday,14.246179,2015
2015-04-23,Weekday,12.233005,2015
2015-04-24,Saturday,11.983467,2015
2015-04-25,Sunday/Holiday,14.516099,2015
2015-04-26,Weekday,14.883141,2015
2015-04-27,Weekday,14.453322,2015
2015-04-28,Weekday,10.335502,2015
2015-04-29,Weekday,9.346332,2015
2015-04-30,Weekday,8.609067,2015
2015-05-01,Sunday/Holiday,10.274106,2015
2015-05-02,Sunday/Holiday,12.424118,2015
2015-05-03,Weekday,10.217812,2015
2015-05-04,Weekday,16.802322,2015
2015-05-05,Weekday,19.657774,2015
2015-05-06,Weekday,16.757856,2015
2015-05-07,Weekday,14.964906,2015
2015-05-08,Saturday,15.74728,2015
2015-05-09,Sunday/Holiday,15.226688,2015
2015-05-10,Weekday,14.567924,2015
2015-05-11,Weekday,14.070132,2015
2015-05-12,Weekday,15.82624,2015
2015-05-13,Weekday,18.97698,2015
2015-05-14,Sunday/Holiday,16.011318,2015
2015-05-15,Saturday,10.049937,2015
2015-05-16,Sunday/Holiday,12.319953,2015
2015-05-17,Weekday,14.649895,2015
2015-05-18,Weekday,14.525956,2015
2015-05-19,Weekday,17.129744,2015
2015-05-20,Weekday,13.145176,2015
2015-05-21,Weekday,9.408645,2015
2015-05-22,Saturday,10.23507,2015
2015-05-23,Sunday/Holiday,9.438855,2015
2015-05-24,Weekday,12.06611,2015
2015-05-25,Sunday/Holiday,13.588841,2015
2015-05-26,Weekday,13.362531,2015
2015-05-27,Weekday,10.293675,2015
2015-05-28,Weekday,11.225388,2015
2015-05-29,Saturday,16.010908,2015
2015-05-30,Sunday/Holiday,15.304684,2015
2015-05-31,Weekday,14.249923,2015
2015-06-01,Weekday,17.475996,2015
2015-06-02,Weekday,19.812838,2015
2015-06-03,Weekday,22.307798,2015
2015-06-04,Sunday/Holiday,22.662064,2015
2015-06-05,Saturday,19.62528,2015
2015-06-06,Sunday/Holiday,21.377235,2015
2015-06-07,Weekday,21.910538,2015
2015-06-08,Weekday,21.779535,2015
2015-06-09,Weekday,18.794273,2015
2015-06-10,Weekday,18.201185,2015
2015-06-11,Weekday,20.109003,2015
2015-06-12,Saturday,22.484625,2015
2015-06-13,Sunday/Holiday,23.676031,2015
2015-06-14,Weekday,21.02361,2015
2015-06-15,Weekday,17.042452,2015
2015-06-16,Weekday,13.289135,2015
2015-06-17,Weekday,12.778645,2015
2015-06-18,Weekday,15.233062,2015
2015-06-19,Saturday,15.859623,2015
2015-06-20,Sunday/Holiday,12.236516,2015
2015-06-21,Weekday,13.047965,2015
2015-06-22,Weekday,16.643839,2015
2015-06-23,Weekday,11.3606825,2015
2015-06-24,Weekday,13.651429,2015
2015-06-25,Weekday,15.856716,2015
2015-06-26,Saturday,18.243654,2015
2015-06-27,Sunday/Holiday,18.004011,2015
2015-06-28,Weekday,17.613066,2015
2015-06-29,Weekday,17.401192,2015
2015-06-30,Weekday,19.375002,2015
2015-07-01,Weekday,22.27595,2015
2015-07-02,Weekday,23.360344,2015
2015-07-03,Saturday,23.438757,2015
2015-07-04,Sunday/Holiday,23.280588,2015
2015-07-05,Weekday,24.841417,2015
2015-07-06,Weekday,27.074793,2015
2015-07-07,Weekday,26.019014,2015
2015-07-08,Weekday,,2015
2015-07-09,Weekday,,2015
2015-07-10,Saturday,,2015
2015-07-11,Sunday/Holiday,,2015
2015-07-12,Weekday,,2015
2015-07-13,Weekday,,2015
2015-07-14,Weekday,,2015
2015-07-15,Weekday,,2015
2015-07-16,Weekday,,2015
2015-07-17,Saturday,25.281372,2015
2015-07-18,Sunday/Holiday,22.944857,2015
2015-07-19,Weekday,24.00804,2015
2015-07-20,Weekday,23.521881,2015
2015-07-21,Weekday,24.203966,2015
2015-07-22,Weekday,25.848993,2015
2015-07-23,Weekday,23.673704,2015
2015-07-24,Saturday,22.140997,2015
2015-07-25,Sunday/Holiday,19.567686,2015
2015-07-26,Weekday,14.646827,2015
2015-07-27,Weekday,14.667222,2015
2015-07-28,Weekday,15.665878,2015
2015-07-29,Weekday,13.931682,2015
2015-07-30,Weekday,12.932933,2015
2015-07-31,Saturday,15.816503,2015
2015-08-01,Sunday/Holiday,17.834583,2015
2015-08-02,Weekday,16.627401,2015
2015-08-03,Weekday,19.652945,2015
2015-08-04,Weekday,22.037079,2015
2015-08-05,Weekday,23.541977,2015
2015-08-06,Weekday,24.99465,2015
2015-08-07,Saturday,25.420637,2015
2015-08-08,Sunday/Holiday,25.64277,2015
2015-08-09,Weekday,25.15857,2015
2015-08-10,Weekday,24.45738,2015
2015-08-11,Weekday,25.1129,2015
2015-08-12,Weekday,26.430603,2015
2015-08-13,Weekday,26.767233,2015
2015-08-14,Saturday,25.979433,2015
2015-08-15,Sunday/Holiday,24.203398,2015
2015-08-16,Weekday,20.572628,2015
2015-08-17,Weekday,15.704296,2015
2015-08-18,Weekday,17.499409,2015
2015-08-19,Weekday,15.245225,2015
2015-08-20,Weekday,15.209843,2015
2015-08-21,Saturday,15.465381,2015
2015-08-22,Sunday/Holiday,16.428022,2015
2015-08-23,Weekday,14.9082365,2015
2015-08-24,Weekday,17.045053,2015
2015-08-25,Weekday,15.013816,2015
2015-08-26,Weekday,16.923986,2015
2015-08-27,Weekday,19.563581,2015
2015-08-28,Saturday,22.715836,2015
2015-08-29,Sunday/Holiday,25.180769,2015
2015-08-30,Weekday,24.208885,2015
2015-08-31,Weekday,24.198359,2015
2015-09-01,Weekday,24.1971,2015
2015-09-02,Weekday,18.253176,2015
2015-09-03,Weekday,15.150001,2015
2015-09-04,Saturday,14.69366,2015
2015-09-05,Sunday/Holiday,11.402703,2015
2015-09-06,Weekday,11.072342,2015
2015-09-07,Weekday,11.166526,2015
2015-09-08,Weekday,11.955349,2015
2015-09-09,Weekday,11.93341,2015
2015-09-10,Weekday,11.804432,2015
2015-09-11,Saturday,12.374375,2015
2015-09-12,Sunday/Holiday,15.087434,2015
2015-09-13,Weekday,15.076652,2015
2015-09-14,Weekday,15.728001,2015
2015-09-15,Weekday,15.903132,2015
2015-09-16,Weekday,18.617823,2015
2015-09-17,Weekday,21.334997,2015
2015-09-18,Saturday,18.115114,2015
2015-09-19,Sunday/Holiday,15.083894,2015
2015-09-20,Weekday,13.66599,2015
2015-09-21,Weekday,12.080663,2015
2015-09-22,Weekday,12.331242,2015
2015-09-23,Weekday,10.707681,2015
2015-09-24,Weekday,9.745545,2015
2015-09-25,Saturday,11.067966,2015
2015-09-26,Sunday/Holiday,11.863332,2015
2015-09-27,Weekday,10.328793,2015
2015-09-28,Weekday,10.153769,2015
2015-09-29,Weekday,9.659966,2015
2015-09-30,Weekday,7.9824147,2015
2015-10-01,Weekday,8.469115,2015
2015-10-02,Saturday,10.191435,2015
2015-10-03,Sunday/Holiday,11.944733,2015
2015-10-04,Weekday,13.889404,2015
2015-10-05,Weekday,13.618463,2015
2015-10-06,Weekday,12.666443,2015
2015-10-07,Weekday,11.802783,2015
2015-10-08,Weekday,11.690643,2015
2015-10-09,Saturday,11.329564,2015
2015-10-10,Sunday/Holiday,9.057722,2015
2015-10-11,Weekday,7.984278,2015
2015-10-12,Weekday,3.6039717,2015
2015-10-13,Weekday,4.266871,2015
2015-10-14,Weekday,6.1502366,2015
2015-10-15,Weekday,7.8486657,2015
2015-10-16,Saturday,8.762624,2015
2015-10-17,Sunday/Holiday,5.674391,2015
2015-10-18,Weekday,6.703636,2015
2015-10-19,Weekday,5.608047,2015
2015-10-20,Weekday,6.2747097,2015
2015-10-21,Weekday,6.956604,2015
2015-10-22,Weekday,6.6598926,2015
2015-10-23,Saturday,8.358098,2015
2015-10-24,Sunday/Holiday,8.769895,2015
2015-10-25,Weekday,11.911498,2015
2015-10-26,Sunday/Holiday,9.332064,2015
2015-10-27,Weekday,7.899595,2015
2015-10-28,Weekday,6.7549014,2015
2015-10-29,Weekday,7.2488837,2015
2015-10-30,Saturday,8.136154,2015
2015-10-31,Sunday/Holiday,8.337785,2015
2015-11-01,Sunday/Holiday,6.549917,2015
2015-11-02,Weekday,6.671778,2015
2015-11-03,Weekday,10.0987215,2015
2015-11-04,Weekday,10.204783,2015
2015-11-05,Weekday,10.425534,2015
2015-11-06,Saturday,12.951122,2015
2015-11-07,Sunday/Holiday,14.975902,2015
2015-11-08,Weekday,16.278297,2015
2015-11-09,Weekday,17.332012,2015
2015-11-10,Weekday,17.335707,2015
2015-11-11,Weekday,16.203001,2015
2015-11-12,Weekday,12.743533,2015
2015-11-13,Saturday,10.166261,2015
2015-11-14,Sunday/Holiday,9.526992,2015
2015-11-15,Weekday,9.950314,2015
2015-11-16,Weekday,15.953485,2015
2015-11-17,Weekday,13.737695,2015
2015-11-18,Weekday,16.119669,2015
2015-11-19,Weekday,13.076358,2015
2015-11-20,Saturday,9.540519,2015
2015-11-21,Sunday/Holiday,3.880202,2015
2015-11-22,Weekday,1.5612255,2015
2015-11-23,Weekday,0.12340394,2015
2015-11-24,Weekday,-1.4469341,2015
2015-11-25,Weekday,-2.8321838,2015
2015-11-26,Weekday,-0.62022585,2015
2015-11-27,Saturday,0.9189279,2015
2015-11-28,Sunday/Holiday,2.332178,2015
2015-11-29,Weekday,3.9529636,2015
2015-11-30,Weekday,8.971797,2015
2015-12-01,Weekday,10.356225,2015
2015-12-02,Weekday,6.8803735,2015
2015-12-03,Weekday,5.9540105,2015
2015-12-04,Saturday,4.2345924,2015
2015-12-05,Sunday/Holiday,7.0181613,2015
2015-12-06,Weekday,3.6113632,2015
2015-12-07,Weekday,8.666232,2015
2015-12-08,Sunday/Holiday,1.1629193,2015
2015-12-09,Weekday,0.39796415,2015
2015-12-10,Weekday,3.3553715,2015
2015-12-11,Saturday,1.622405,2015
2015-12-12,Sunday/Holiday,7.4512005,2015
2015-12-13,Weekday,6.9235935,2015
2015-12-14,Weekday,2.2685847,2015
2015-12-15,Weekday,1.8269572,2015
2015-12-16,Weekday,4.0013647,2015
2015-12-17,Weekday,0.27364263,2015
2015-12-18,Saturday,8.561902,2015
2015-12-19,Sunday/Holiday,7.9817257,2015
2015-12-20,Weekday,1.2338465,2015
2015-12-21,Weekday,1.1400862,2015
2015-12-22,Weekday,10.508103,2015
2015-12-23,Weekday,9.867632,2015
2015-12-24,Weekday,7.1394043,2015
2015-12-25,Sunday/Holiday,9.428819,2015
2015-12-26,Sunday/Holiday,11.077548,2015
2015-12-27,Weekday,11.667609,2015
2015-12-28,Weekday,9.97066,2015
2015-12-29,Weekday,3.6888402,2015
2015-12-30,Weekday,-1.0360061,2015
2015-12-31,Weekday,-5.3990116,2015
2016-01-01,Sunday/Holiday,-3.3519354,2016
2016-01-02,Sunday/Holiday,-3.6183205,2016
2016-01-03,Weekday,-7.397196,2016
2016-01-04,Weekday,-8.952266,2016
2016-01-05,Weekday,-2.8106005,2016
2016-01-06,Sunday/Holiday,-1.9131008,2016
2016-01-07,Weekday,1.1764284,2016
2016-01-08,Saturday,3.7056503,2016
2016-01-09,Sunday/Holiday,2.0142996,2016
2016-01-10,Weekday,3.0011613,2016
2016-01-11,Weekday,6.013639,2016
2016-01-12,Weekday,3.7317362,2016
2016-01-13,Weekday,3.4587796,2016
2016-01-14,Weekday,1.384369,2016
2016-01-15,Saturday,1.0177642,2016
2016-01-16,Sunday/Holiday,-1.6666945,2016
2016-01-17,Weekday,-3.4814742,2016
2016-01-18,Weekday,-4.7899337,2016
2016-01-19,Weekday,-6.673952,2016
2016-01-20,Weekday,-3.9387987,2016
2016-01-21,Weekday,-2.866864,2016
2016-01-22,Saturday,-5.5635066,2016
2016-01-23,Sunday/Holiday,-3.3424356,2016
2016-01-24,Weekday,3.092862,2016
2016-01-25,Weekday,6.2092366,2016
2016-01-26,Weekday,11.04902,2016
2016-01-27,Weekday,12.136872,2016
2016-01-28,Weekday,11.975301,2016
2016-01-29,Saturday,6.601979,2016
2016-01-30,Sunday/Holiday,7.057676,2016
2016-01-31,Weekday,5.606035,2016
2016-02-01,Weekday,8.390683,2016
2016-02-02,Weekday,10.135613,2016
2016-02-03,Weekday,5.8493614,2016
2016-02-04,Weekday,1.8681116,2016
2016-02-05,Saturday,2.0366242,2016
2016-02-06,Sunday/Holiday,5.2474413,2016
2016-02-07,Weekday,6.272007,2016
2016-02-08,Weekday,6.5419745,2016
2016-02-09,Weekday,7.4400907,2016
2016-02-10,Weekday,2.0815966,2016
2016-02-11,Weekday,2.5281827,2016
2016-02-12,Saturday,-0.08732343,2016
2016-02-13,Sunday/Holiday,1.6125789,2016
2016-02-14,Weekday,3.634331,2016
2016-02-15,Weekday,4.191708,2016
2016-02-16,Weekday,2.1867497,2016
2016-02-17,Weekday,-0.13987193,2016
2016-02-18,Weekday,3.051262,2016
2016-02-19,Saturday,2.8050156,2016
2016-02-20,Sunday/Holiday,2.6739137,2016
2016-02-21,Weekday,8.049949,2016
2016-02-22,Weekday,12.397162,2016
2016-02-23,Weekday,8.812465,2016
2016-02-24,Weekday,2.7898464,2016
2016-02-25,Weekday,1.0228742,2016
2016-02-26,Saturday,-0.27311438,2016
2016-02-27,Sunday/Holiday,0.27385402,2016
2016-02-28,Weekday,3.6464922,2016
2016-02-29,Weekday,3.8499234,2016
2016-03-01,Weekday,3.4091408,2016
2016-03-02,Weekday,4.0886173,2016
2016-03-03,Weekday,0.7169334,2016
2016-03-04,Saturday,3.1154222,2016
2016-03-05,Sunday/Holiday,5.1193194,2016
2016-03-06,Weekday,4.193218,2016
2016-03-07,Weekday,0.12160712,2016
2016-03-08,Weekday,0.68676347,2016
2016-03-09,Weekday,1.8532248,2016
2016-03-10,Weekday,5.383799,2016
2016-03-11,Saturday,5.5653863,2016
2016-03-12,Sunday/Holiday,4.332199,2016
2016-03-13,Weekday,2.804986,2016
2016-03-14,Weekday,3.5977123,2016
2016-03-15,Weekday,1.9068874,2016
2016-03-16,Weekday,-0.29999456,2016
2016-03-17,Weekday,4.1572747,2016
2016-03-18,Saturday,7.167233,2016
2016-03-19,Sunday/Holiday,6.792433,2016
2016-03-20,Weekday,6.7305865,2016
2016-03-21,Weekday,5.0392,2016
2016-03-22,Weekday,5.500672,2016
2016-03-23,Weekday,3.555868,2016
2016-03-24,Weekday,2.929016,2016
2016-03-25,Saturday,4.655261,2016
2016-03-26,Sunday/Holiday,5.6407375,2016
2016-03-27,Weekday,7.0158257,2016
2016-03-28,Sunday/Holiday,8.562241,2016
2016-03-29,Weekday,9.413878,2016
2016-03-30,Weekday,10.176492,2016
2016-03-31,Weekday,13.765583,2016
2016-04-01,Saturday,12.688679,2016
2016-04-02,Sunday/Holiday,7.510849,2016
2016-04-03,Weekday,12.072141,2016
2016-04-04,Weekday,16.58339,2016
2016-04-05,Weekday,17.198524,2016
2016-04-06,Weekday,14.6968,2016
2016-04-07,Weekday,12.40128,2016
2016-04-08,Saturday,8.952476,2016
2016-04-09,Sunday/Holiday,8.223266,2016
2016-04-10,Weekday,8.843446,2016
2016-04-11,Weekday,9.706724,2016
2016-04-12,Weekday,11.954121,2016
2016-04-13,Weekday,13.821225,2016
2016-04-14,Weekday,9.838355,2016
2016-04-15,Saturday,11.942265,2016
2016-04-16,Sunday/Holiday,15.091565,2016
2016-04-17,Weekday,15.245301,2016
2016-04-18,Weekday,8.705085,2016
2016-04-19,Weekday,8.748803,2016
2016-04-20,Weekday,9.514466,2016
2016-04-21,Weekday,10.941009,2016
2016-04-22,Saturday,13.9520445,2016
2016-04-23,Sunday/Holiday,11.898173,2016
2016-04-24,Weekday,5.265577,2016
2016-04-25,Weekday,3.279846,2016
2016-04-26,Weekday,5.63578,2016
2016-04-27,Weekday,1.1269608,2016
2016-04-28,Weekday,0.7510135,2016
2016-04-29,Saturday,6.5932965,2016
2016-04-30,Sunday/Holiday,9.890519,2016
2016-05-01,Sunday/Holiday,7.9929066,2016
2016-05-02,Weekday,9.450032,2016
2016-05-03,Weekday,11.762172,2016
2016-05-04,Weekday,9.090734,2016
2016-05-05,Sunday/Holiday,10.958549,2016
2016-05-06,Saturday,13.758324,2016
2016-05-07,Sunday/Holiday,14.009533,2016
2016-05-08,Weekday,12.048755,2016
2016-05-09,Weekday,13.509019,2016
2016-05-10,Weekday,11.5377245,2016
2016-05-11,Weekday,10.732537,2016
2016-05-12,Weekday,10.834491,2016
2016-05-13,Saturday,,2016
2016-05-14,Sunday/Holiday,,2016
2016-05-15,Weekday,,2016
2016-05-16,Sunday/Holiday,,2016
2016-05-17,Weekday,,2016
2016-05-18,Weekday,,2016
2016-05-19,Weekday,12.181687,2016
2016-05-20,Saturday,12.773988,2016
2016-05-21,Sunday/Holiday,15.802452,2016
2016-05-22,Weekday,17.748077,2016
2016-05-23,Weekday,16.155085,2016
2016-05-24,Weekday,10.904429,2016
2016-05-25,Weekday,16.012983,2016
2016-05-26,Sunday/Holiday,16.872988,2016
2016-05-27,Saturday,18.707697,2016
2016-05-28,Sunday/Holiday,19.73831,2016
2016-05-29,Weekday,19.290485,2016
2016-05-30,Weekday,15.71272,2016
2016-05-31,Weekday,14.571045,2016
2016-06-01,Weekday,13.825176,2016
2016-06-02,Weekday,14.292159,2016
2016-06-03,Saturday,15.591226,2016
2016-06-04,Sunday/Holiday,16.599499,2016
2016-06-05,Weekday,15.58849,2016
2016-06-06,Weekday,16.532442,2016
2016-06-07,Weekday,16.420988,2016
2016-06-08,Weekday,16.224863,2016
2016-06-09,Weekday,15.163182,2016
2016-06-10,Saturday,15.098515,2016
2016-06-11,Sunday/Holiday,15.642764,2016
2016-06-12,Weekday,13.762305,2016
2016-06-13,Weekday,15.206038,2016
2016-06-14,Weekday,14.796235,2016
2016-06-15,Weekday,14.5704,2016
2016-06-16,Weekday,18.153936,2016
2016-06-17,Saturday,19.288002,2016
2016-06-18,Sunday/Holiday,14.97161,2016
2016-06-19,Weekday,13.546024,2016
2016-06-20,Weekday,14.586014,2016
2016-06-21,Weekday,18.043182,2016
2016-06-22,Weekday,20.898958,2016
2016-06-23,Weekday,22.442038,2016
2016-06-24,Saturday,24.214844,2016
2016-06-25,Sunday/Holiday,22.46982,2016
2016-06-26,Weekday,18.9381,2016
2016-06-27,Weekday,16.032934,2016
2016-06-28,Weekday,18.017736,2016
2016-06-29,Weekday,20.827778,2016
2016-06-30,Weekday,20.825392,2016
2016-07-01,Saturday,20.19539,2016
2016-07-02,Sunday/Holiday,21.29602,2016
2016-07-03,Weekday,14.679626,2016
2016-07-04,Weekday,17.4146,2016
2016-07-05,Weekday,18.855398,2016
2016-07-06,Weekday,19.106852,2016
2016-07-07,Weekday,17.32321,2016
2016-07-08,Saturday,19.310293,2016
2016-07-09,Sunday/Holiday,21.433695,2016
2016-07-10,Weekday,22.537947,2016
2016-07-11,Weekday,24.074766,2016
2016-07-12,Weekday,21.67719,2016
2016-07-13,Weekday,16.672953,2016
2016-07-14,Weekday,13.831477,2016
2016-07-15,Saturday,13.889926,2016
2016-07-16,Sunday/Holiday,13.10284,2016
2016-07-17,Weekday,16.919155,2016
2016-07-18,Weekday,19.868917,2016
2016-07-19,Weekday,20.404875,2016
2016-07-20,Weekday,20.989424,2016
2016-07-21,Weekday,21.638344,2016
2016-07-22,Saturday,20.37229,2016
2016-07-23,Sunday/Holiday,21.154234,2016
2016-07-24,Weekday,21.421556,2016
2016-07-25,Weekday,19.490217,2016
2016-07-26,Weekday,20.299074,2016
2016-07-27,Weekday,20.093151,2016
2016-07-28,Weekday,18.408869,2016
2016-07-29,Saturday,20.969688,2016
2016-07-30,Sunday/Holiday,21.432463,2016
2016-07-31,Weekday,20.289892,2016
2016-08-01,Weekday,17.144358,2016
2016-08-02,Weekday,18.098183,2016
2016-08-03,Weekday,19.968313,2016
2016-08-04,Weekday,21.972738,2016
2016-08-05,Saturday,18.359724,2016
2016-08-06,Sunday/Holiday,16.901865,2016
2016-08-07,Weekday,18.218195,2016
2016-08-08,Weekday,19.544264,2016
2016-08-09,Weekday,17.835096,2016
2016-08-10,Weekday,11.442574,2016
2016-08-11,Weekday,12.094218,2016
2016-08-12,Saturday,13.230111,2016
2016-08-13,Sunday/Holiday,16.886854,2016
2016-08-14,Weekday,19.97422,2016
2016-08-15,Sunday/Holiday,18.512293,2016
2016-08-16,Weekday,18.01652,2016
2016-08-17,Weekday,15.855264,2016
2016-08-18,Weekday,16.101267,2016
2016-08-19,Saturday,17.327276,2016
2016-08-20,Sunday/Holiday,19.373672,2016
2016-08-21,Weekday,15.998788,2016
2016-08-22,Weekday,14.764882,2016
2016-08-23,Weekday,18.063711,2016
2016-08-24,Weekday,,2016
2016-08-25,Weekday,,2016
2016-08-26,Saturday,,2016
2016-08-27,Sunday/Holiday,20.159891,2016
2016-08-28,Weekday,20.67748,2016
2016-08-29,Weekday,19.997469,2016
2016-08-30,Weekday,18.530615,2016
2016-08-31,Weekday,17.341154,2016
2016-09-01,Weekday,18.68707,2016
2016-09-02,Saturday,20.116308,2016
2016-09-03,Sunday/Holiday,20.241186,2016
2016-09-04,Weekday,19.2362,2016
2016-09-05,Weekday,14.748279,2016
2016-09-06,Weekday,13.408817,2016
2016-09-07,Weekday,17.201603,2016
2016-09-08,Weekday,19.167355,2016
2016-09-09,Saturday,21.189445,2016
2016-09-10,Sunday/Holiday,21.314508,2016
2016-09-11,Weekday,21.668312,2016
2016-09-12,Weekday,21.956717,2016
2016-09-13,Weekday,21.533472,2016
2016-09-14,Weekday,19.988874,2016
2016-09-15,Weekday,19.472055,2016
2016-09-16,Saturday,18.64785,2016
2016-09-17,Sunday/Holiday,14.927461,2016
2016-09-18,Weekday,13.658563,2016
2016-09-19,Weekday,14.829362,2016
2016-09-20,Weekday,12.704717,2016
2016-09-21,Weekday,10.802045,2016
2016-09-22,Weekday,11.705334,2016
2016-09-23,Saturday,13.122285,2016
2016-09-24,Sunday/Holiday,14.998356,2016
2016-09-25,Weekday,15.261502,2016
2016-09-26,Weekday,13.802627,2016
2016-09-27,Weekday,14.005615,2016
2016-09-28,Weekday,15.403396,2016
2016-09-29,Weekday,17.88141,2016
2016-09-30,Saturday,18.554916,2016
2016-10-01,Sunday/Holiday,16.952192,2016
2016-10-02,Weekday,13.7742195,2016
2016-10-03,Weekday,10.433818,2016
2016-10-04,Weekday,9.401044,2016
2016-10-05,Weekday,5.838738,2016
2016-10-06,Weekday,7.06832,2016
2016-10-07,Saturday,5.0190887,2016
2016-10-08,Sunday/Holiday,6.396105,2016
2016-10-09,Weekday,6.8183384,2016
2016-10-10,Weekday,5.798311,2016
2016-10-11,Weekday,4.0801597,2016
2016-10-12,Weekday,5.7103086,2016
2016-10-13,Weekday,6.317421,2016
2016-10-14,Saturday,8.049572,2016
2016-10-15,Sunday/Holiday,9.339815,2016
2016-10-16,Weekday,12.606505,2016
2016-10-17,Weekday,10.885995,2016
2016-10-18,Weekday,7.375467,2016
2016-10-19,Weekday,6.385879,2016
2016-10-20,Weekday,4.508591,2016
2016-10-21,Saturday,5.0466733,2016
2016-10-22,Sunday/Holiday,6.285362,2016
2016-10-23,Weekday,7.5248885,2016
2016-10-24,Weekday,12.461895,2016
2016-10-25,Weekday,14.757232,2016
2016-10-26,Sunday/Holiday,10.496084,2016
2016-10-27,Weekday,7.90297,2016
2016-10-28,Saturday,6.421593,2016
2016-10-29,Sunday/Holiday,10.786279,2016
2016-10-30,Weekday,7.347797,2016
2016-10-31,Weekday,6.2019534,2016
2016-11-01,Sunday/Holiday,8.7436,2016
2016-11-02,Weekday,10.858562,2016
2016-11-03,Weekday,5.4628625,2016
2016-11-04,Saturday,2.8783627,2016
2016-11-05,Sunday/Holiday,6.981212,2016
2016-11-06,Weekday,7.006264,2016
2016-11-07,Weekday,1.7588682,2016
2016-11-08,Weekday,0.048016828,2016
2016-11-09,Weekday,0.32254824,2016
2016-11-10,Weekday,3.420995,2016
2016-11-11,Saturday,3.209339,2016
2016-11-12,Sunday/Holiday,1.9633418,2016
2016-11-13,Weekday,-0.92979693,2016
2016-11-14,Weekday,-1.3955978,2016
2016-11-15,Weekday,-1.2298876,2016
2016-11-16,Weekday,2.278816,2016
2016-11-17,Weekday,6.2268395,2016
2016-11-18,Saturday,9.148284,2016
2016-11-19,Sunday/Holiday,8.907516,2016
2016-11-20,Weekday,6.2488093,2016
2016-11-21,Weekday,9.623172,2016
2016-11-22,Weekday,10.794776,2016
2016-11-23,Weekday,9.282168,2016
2016-11-24,Weekday,8.68804,2016
2016-11-25,Saturday,5.6017566,2016
2016-11-26,Sunday/Holiday,5.725117,2016
2016-11-27,Weekday,5.00824,2016
2016-11-28,Weekday,-0.36336812,2016
2016-11-29,Weekday,-1.822884,2016
2016-11-30,Weekday,1.1098819,2016
2016-12-01,Weekday,4.1579905,2016
2016-12-02,Saturday,4.6787477,2016
2016-12-03,Sunday/Holiday,0.3410144,2016
2016-12-04,Weekday,-1.6090553,2016
2016-12-05,Weekday,-0.5894993,2016
2016-12-06,Weekday,3.2376196,2016
2016-12-07,Weekday,-0.99152976,2016
2016-12-08,Sunday/Holiday,5.6122036,2016
2016-12-09,Saturday,11.054005,2016
2016-12-10,Sunday/Holiday,9.778934,2016
2016-12-11,Weekday,9.912247,2016
2016-12-12,Weekday,5.019625,2016
2016-12-13,Weekday,-1.3055806,2016
2016-12-14,Weekday,4.0074186,2016
2016-12-15,Weekday,0.6286445,2016
2016-12-16,Saturday,-1.8600026,2016
2016-12-17,Sunday/Holiday,3.094902,2016
2016-12-18,Weekday,3.5099432,2016
2016-12-19,Weekday,-2.7230606,2016
2016-12-20,Weekday,-2.7153406,2016
2016-12-21,Weekday,-3.5681896,2016
2016-12-22,Weekday,-3.8426182,2016
2016-12-23,Saturday,-1.3581843,2016
2016-12-24,Sunday/Holiday,-2.253856,2016
2016-12-25,Sunday/Holiday,5.3047233,2016
2016-12-26,Sunday/Holiday,8.899611,2016
2016-12-27,Weekday,4.244409,2016
2016-12-28,Weekday,2.1362145,2016
2016-12-29,Weekday,-0.79523635,2016
2016-12-30,Saturday,-0.37079796,2016
2016-12-31,Sunday/Holiday,2.196462,2016
2017-01-01,Sunday/Holiday,4.7295346,2017
2017-01-02,Weekday,2.951957,2017
2017-01-03,Weekday,-0.38082695,2017
2017-01-04,Weekday,1.5419745,2017
2017-01-05,Weekday,-3.804815,2017
2017-01-06,Sunday/Holiday,-9.538584,2017
2017-01-07,Sunday/Holiday,-9.402766,2017
2017-01-08,Weekday,-9.538756,2017
2017-01-09,Weekday,-2.8296096,2017
2017-01-10,Weekday,-9.966983,2017
2017-01-11,Weekday,-8.313033,2017
2017-01-12,Weekday,-0.18999891,2017
2017-01-13,Saturday,0.41308275,2017
2017-01-14,Sunday/Holiday,-1.2180496,2017
2017-01-15,Weekday,-2.1884255,2017
2017-01-16,Weekday,-3.9058206,2017
2017-01-17,Weekday,-4.090137,2017
2017-01-18,Weekday,-4.960078,2017
2017-01-19,Weekday,-4.05234,2017
2017-01-20,Saturday,-4.504487,2017
2017-01-21,Sunday/Holiday,-2.6254222,2017
2017-01-22,Weekday,-3.109824,2017
2017-01-23,Weekday,-5.9800262,2017
2017-01-24,Weekday,-10.0532465,2017
2017-01-25,Weekday,-8.133428,2017
2017-01-26,Weekday,-5.0423713,2017
2017-01-27,Saturday,-6.000938,2017
2017-01-28,Sunday/Holiday,-8.802654,2017
2017-01-29,Weekday,-7.9899883,2017
2017-01-30,Weekday,-8.635001,2017
2017-01-31,Weekday,-7.008144,2017
2017-02-01,Weekday,-2.4248922,2017
2017-02-02,Weekday,3.5146,2017
2017-02-03,Saturday,7.1133766,2017
2017-02-04,Sunday/Holiday,5.519366,2017
2017-02-05,Weekday,4.8474135,2017
2017-02-06,Weekday,2.6265132,2017
2017-02-07,Weekday,0.69367003,2017
2017-02-08,Weekday,-2.9461682,2017
2017-02-09,Weekday,-3.5389242,2017
2017-02-10,Saturday,-2.4427192,2017
2017-02-11,Sunday/Holiday,-1.7836183,2017
2017-02-12,Weekday,-0.7615939,2017
2017-02-13,Weekday,-1.3907238,2017
2017-02-14,Weekday,-0.442271,2017
2017-02-15,Weekday,6.001316,2017
2017-02-16,Weekday,5.9389915,2017
2017-02-17,Saturday,4.875193,2017
2017-02-18,Sunday/Holiday,3.029072,2017
2017-02-19,Weekday,2.1796932,2017
2017-02-20,Weekday,4.2572,2017
2017-02-21,Weekday,8.03645,2017
2017-02-22,Weekday,8.501193,2017
2017-02-23,Weekday,9.749797,2017
2017-02-24,Saturday,5.9576364,2017
2017-02-25,Sunday/Holiday,2.9892175,2017
2017-02-26,Weekday,3.700513,2017
2017-02-27,Weekday,7.4561386,2017
2017-02-28,Weekday,7.8775215,2017
2017-03-01,Weekday,4.048264,2017
2017-03-02,Weekday,6.472706,2017
2017-03-03,Saturday,6.7486854,2017
2017-03-04,Sunday/Holiday,9.005332,2017
2017-03-05,Weekday,6.7679443,2017
2017-03-06,Weekday,5.149135,2017
2017-03-07,Weekday,4.8696246,2017
2017-03-08,Weekday,5.7474647,2017
2017-03-09,Weekday,7.406606,2017
2017-03-10,Saturday,4.0781817,2017
2017-03-11,Sunday/Holiday,4.2969565,2017
2017-03-12,Weekday,2.8295605,2017
2017-03-13,Weekday,4.3503103,2017
2017-03-14,Weekday,7.4020667,2017
2017-03-15,Weekday,8.388011,2017
2017-03-16,Weekday,9.251809,2017
2017-03-17,Saturday,10.817025,2017
2017-03-18,Sunday/Holiday,10.511628,2017
2017-03-19,Weekday,8.652249,2017
2017-03-20,Weekday,12.692096,2017
2017-03-21,Weekday,11.94514,2017
2017-03-22,Weekday,10.2144,2017
2017-03-23,Weekday,10.32831,2017
2017-03-24,Saturday,10.3898,2017
2017-03-25,Sunday/Holiday,7.023329,2017
2017-03-26,Weekday,5.8751197,2017
2017-03-27,Weekday,6.539131,2017
2017-03-28,Weekday,12.193042,2017
2017-03-29,Weekday,13.851686,2017
2017-03-30,Weekday,12.946461,2017
2017-03-31,Saturday,13.204524,2017
2017-04-01,Sunday/Holiday,13.737836,2017
2017-04-02,Weekday,15.022077,2017
2017-04-03,Weekday,15.256355,2017
2017-04-04,Weekday,10.87255,2017
2017-04-05,Weekday,9.569179,2017
2017-04-06,Weekday,7.0318775,2017
2017-04-07,Saturday,6.834601,2017
2017-04-08,Sunday/Holiday,10.408233,2017
2017-04-09,Weekday,11.276053,2017
2017-04-10,Weekday,13.737557,2017
2017-04-11,Weekday,11.49146,2017
2017-04-12,Weekday,8.379096,2017
2017-04-13,Weekday,11.837008,2017
2017-04-14,Saturday,9.570607,2017
2017-04-15,Sunday/Holiday,9.45906,2017
2017-04-16,Weekday,8.3516,2017
2017-04-17,Sunday/Holiday,6.285312,2017
2017-04-18,Weekday,4.1362743,2017
2017-04-19,Weekday,0.5067508,2017
2017-04-20,Weekday,0.596099,2017
2017-04-21,Saturday,4.062164,2017
2017-04-22,Sunday/Holiday,8.268087,2017
2017-04-23,Weekday,5.853296,2017
2017-04-24,Weekday,8.01538,2017
2017-04-25,Weekday,12.604771,2017
2017-04-26,Weekday,11.318455,2017
2017-04-27,Weekday,6.278935,2017
2017-04-28,Saturday,4.0886507,2017
2017-04-29,Sunday/Holiday,5.8233447,2017
2017-04-30,Weekday,7.759894,2017
2017-05-01,Sunday/Holiday,9.5863085,2017
2017-05-02,Weekday,11.201351,2017
2017-05-03,Weekday,9.97391,2017
2017-05-04,Weekday,11.137788,2017
2017-05-05,Saturday,9.749545,2017
2017-05-06,Sunday/Holiday,13.144624,2017
2017-05-07,Weekday,13.587098,2017
2017-05-08,Weekday,12.238285,2017
2017-05-09,Weekday,7.770207,2017
2017-05-10,Weekday,6.7842884,2017
2017-05-11,Weekday,13.542885,2017
2017-05-12,Saturday,14.734977,2017
2017-05-13,Sunday/Holiday,15.885123,2017
2017-05-14,Weekday,15.806352,2017
2017-05-15,Weekday,13.769431,2017
2017-05-16,Weekday,16.206963,2017
2017-05-17,Weekday,15.55848,2017
2017-05-18,Weekday,17.013157,2017
2017-05-19,Saturday,18.144585,2017
2017-05-20,Sunday/Holiday,14.54527,2017
2017-05-21,Weekday,12.950306,2017
2017-05-22,Weekday,14.903485,2017
2017-05-23,Weekday,15.807438,2017
2017-05-24,Weekday,14.684029,2017
2017-05-25,Sunday/Holiday,12.448884,2017
2017-05-26,Saturday,15.178096,2017
2017-05-27,Sunday/Holiday,17.699255,2017
2017-05-28,Weekday,17.036417,2017
2017-05-29,Weekday,19.098625,2017
2017-05-30,Weekday,22.096815,2017
2017-05-31,Weekday,20.308008,2017
2017-06-01,Weekday,18.165373,2017
2017-06-02,Saturday,17.248226,2017
2017-06-03,Sunday/Holiday,19.555796,2017
2017-06-04,Weekday,17.914791,2017
2017-06-05,Sunday/Holiday,15.703607,2017
2017-06-06,Weekday,16.185762,2017
2017-06-07,Weekday,10.58664,2017
2017-06-08,Weekday,13.356097,2017
2017-06-09,Saturday,17.637642,2017
2017-06-10,Sunday/Holiday,17.442783,2017
2017-06-11,Weekday,18.23075,2017
2017-06-12,Weekday,20.748482,2017
2017-06-13,Weekday,21.122591,2017
2017-06-14,Weekday,17.242678,2017
2017-06-15,Sunday/Holiday,19.467022,2017
2017-06-16,Saturday,20.091679,2017
2017-06-17,Sunday/Holiday,16.401068,2017
2017-06-18,Weekday,16.93868,2017
2017-06-19,Weekday,19.698969,2017
2017-06-20,Weekday,23.481758,2017
2017-06-21,Weekday,23.724615,2017
2017-06-22,Weekday,25.311964,2017
2017-06-23,Saturday,23.31059,2017
2017-06-24,Sunday/Holiday,22.733984,2017
2017-06-25,Weekday,18.10489,2017
2017-06-26,Weekday,20.503944,2017
2017-06-27,Weekday,21.211252,2017
2017-06-28,Weekday,20.173101,2017
2017-06-29,Weekday,16.93606,2017
2017-06-30,Saturday,18.615767,2017
2017-07-01,Sunday/Holiday,16.504662,2017
2017-07-02,Weekday,15.881551,2017
2017-07-03,Weekday,17.135963,2017
2017-07-04,Weekday,19.205008,2017
2017-07-05,Weekday,21.13469,2017
2017-07-06,Weekday,22.109917,2017
2017-07-07,Saturday,22.151245,2017
2017-07-08,Sunday/Holiday,23.797152,2017
2017-07-09,Weekday,23.416346,2017
2017-07-10,Weekday,23.81163,2017
2017-07-11,Weekday,20.28078,2017
2017-07-12,Weekday,19.85149,2017
2017-07-13,Weekday,18.968481,2017
2017-07-14,Saturday,13.319992,2017
2017-07-15,Sunday/Holiday,14.651666,2017
2017-07-16,Weekday,15.676637,2017
2017-07-17,Weekday,19.110754,2017
2017-07-18,Weekday,21.415148,2017
2017-07-19,Weekday,21.7407,2017
2017-07-20,Weekday,23.48574,2017
2017-07-21,Saturday,21.997335,2017
2017-07-22,Sunday/Holiday,22.687294,2017
2017-07-23,Weekday,21.606329,2017
2017-07-24,Weekday,16.259197,2017
2017-07-25,Weekday,16.070536,2017
2017-07-26,Weekday,14.209847,2017
2017-07-27,Weekday,15.850181,2017
2017-07-28,Saturday,18.804781,2017
2017-07-29,Sunday/Holiday,20.132425,2017
2017-07-30,Weekday,22.064072,2017
2017-07-31,Weekday,23.939928,2017
2017-08-01,Weekday,25.284676,2017
2017-08-02,Weekday,24.386251,2017
2017-08-03,Weekday,24.99848,2017
2017-08-04,Saturday,25.73123,2017
2017-08-05,Sunday/Holiday,22.74352,2017
2017-08-06,Weekday,18.034472,2017
2017-08-07,Weekday,17.123486,2017
2017-08-08,Weekday,18.212128,2017
2017-08-09,Weekday,21.557915,2017
2017-08-10,Weekday,21.988768,2017
2017-08-11,Saturday,19.730406,2017
2017-08-12,Sunday/Holiday,16.20812,2017
2017-08-13,Weekday,17.763414,2017
2017-08-14,Weekday,19.380285,2017
2017-08-15,Sunday/Holiday,21.32947,2017
2017-08-16,Weekday,19.662758,2017
2017-08-17,Weekday,20.987337,2017
2017-08-18,Saturday,23.423227,2017
2017-08-19,Sunday/Holiday,17.0197,2017
2017-08-20,Weekday,14.5463295,2017
2017-08-21,Weekday,14.655255,2017
2017-08-22,Weekday,15.308548,2017
2017-08-23,Weekday,16.301352,2017
2017-08-24,Weekday,19.6341,2017
2017-08-25,Saturday,22.337984,2017
2017-08-26,Sunday/Holiday,23.895063,2017
2017-08-27,Weekday,23.732256,2017
2017-08-28,Weekday,17.429394,2017
2017-08-29,Weekday,17.470572,2017
2017-08-30,Weekday,19.01859,2017
2017-08-31,Weekday,21.869751,2017
2017-09-01,Saturday,17.235903,2017
2017-09-02,Sunday/Holiday,11.746066,2017
2017-09-03,Weekday,10.730613,2017
2017-09-04,Weekday,13.188134,2017
2017-09-05,Weekday,15.648579,2017
2017-09-06,Weekday,17.111156,2017
2017-09-07,Weekday,12.893394,2017
2017-09-08,Saturday,13.233188,2017
2017-09-09,Sunday/Holiday,14.909771,2017
2017-09-10,Weekday,15.917144,2017
2017-09-11,Weekday,14.360866,2017
2017-09-12,Weekday,11.228625,2017
2017-09-13,Weekday,13.369977,2017
2017-09-14,Weekday,14.897744,2017
2017-09-15,Saturday,8.207555,2017
2017-09-16,Sunday/Holiday,9.428546,2017
2017-09-17,Weekday,9.888745,2017
2017-09-18,Weekday,9.827,2017
2017-09-19,Weekday,7.076301,2017
2017-09-20,Weekday,9.006465,2017
2017-09-21,Weekday,10.067086,2017
2017-09-22,Saturday,12.164443,2017
2017-09-23,Sunday/Holiday,12.680328,2017
2017-09-24,Weekday,11.567893,2017
2017-09-25,Weekday,10.556207,2017
2017-09-26,Weekday,11.424499,2017
2017-09-27,Weekday,13.031963,2017
2017-09-28,Weekday,12.7042055,2017
2017-09-29,Saturday,11.94753,2017
2017-09-30,Sunday/Holiday,10.469573,2017
2017-10-01,Weekday,10.001865,2017
2017-10-02,Weekday,10.6254,2017
2017-10-03,Weekday,11.524329,2017
2017-10-04,Weekday,11.882984,2017
2017-10-05,Weekday,15.52353,2017
2017-10-06,Saturday,9.429257,2017
2017-10-07,Sunday/Holiday,8.415361,2017
2017-10-08,Weekday,9.95449,2017
2017-10-09,Weekday,8.740352,2017
2017-10-10,Weekday,10.970857,2017
2017-10-11,Weekday,13.227077,2017
2017-10-12,Weekday,15.889576,2017
2017-10-13,Saturday,14.800751,2017
2017-10-14,Sunday/Holiday,13.846427,2017
2017-10-15,Weekday,15.5623045,2017
2017-10-16,Weekday,16.902014,2017
2017-10-17,Weekday,16.759504,2017
2017-10-18,Weekday,15.212684,2017
2017-10-19,Weekday,14.372913,2017
2017-10-20,Saturday,13.589719,2017
2017-10-21,Sunday/Holiday,14.772373,2017
2017-10-22,Weekday,9.1068125,2017
2017-10-23,Weekday,7.452885,2017
2017-10-24,Weekday,9.195416,2017
2017-10-25,Weekday,9.772933,2017
2017-10-26,Sunday/Holiday,13.415635,2017
2017-10-27,Saturday,10.490983,2017
2017-10-28,Sunday/Holiday,8.2948475,2017
2017-10-29,Weekday,8.779805,2017
2017-10-30,Weekday,4.7527537,2017
2017-10-31,Weekday,5.5834193,2017
2017-11-01,Sunday/Holiday,6.005924,2017
2017-11-02,Weekday,10.477806,2017
2017-11-03,Saturday,9.338154,2017
2017-11-04,Sunday/Holiday,7.027324,2017
2017-11-05,Weekday,9.445334,2017
2017-11-06,Weekday,5.2152867,2017
2017-11-07,Weekday,6.0329337,2017
2017-11-08,Weekday,4.7489834,2017
2017-11-09,Weekday,4.02887,2017
2017-11-10,Saturday,5.232018,2017
2017-11-11,Sunday/Holiday,5.653705,2017
2017-11-12,Weekday,4.77347,2017
2017-11-13,Weekday,3.0301437,2017
2017-11-14,Weekday,,2017
2017-11-15,Weekday,1.8237487,2017
2017-11-16,Weekday,2.7312717,2017
2017-11-17,Saturday,2.3868916,2017
2017-11-18,Sunday/Holiday,3.348137,2017
2017-11-19,Weekday,2.8382165,2017
2017-11-20,Weekday,3.0579205,2017
2017-11-21,Weekday,5.777779,2017
2017-11-22,Weekday,10.052271,2017
2017-11-23,Weekday,9.70089,2017
2017-11-24,Saturday,9.926878,2017
2017-11-25,Sunday/Holiday,6.508152,2017
2017-11-26,Weekday,1.4555086,2017
2017-11-27,Weekday,0.7910306,2017
2017-11-28,Weekday,0.38757673,2017
2017-11-29,Weekday,0.8185964,2017
2017-11-30,Weekday,-0.47291815,2017
2017-12-01,Saturday,-0.92339426,2017
2017-12-02,Sunday/Holiday,-1.7583103,2017
2017-12-03,Weekday,-2.9348395,2017
2017-12-04,Weekday,-0.740063,2017
2017-12-05,Weekday,2.1965458,2017
2017-12-06,Weekday,2.8520396,2017
2017-12-07,Weekday,3.008483,2017
2017-12-08,Sunday/Holiday,3.4087403,2017
2017-12-09,Sunday/Holiday,-1.8882537,2017
2017-12-10,Weekday,-1.7468023,2017
2017-12-11,Weekday,5.0858626,2017
2017-12-12,Weekday,7.6476955,2017
2017-12-13,Weekday,-0.7920556,2017
2017-12-14,Weekday,2.359686,2017
2017-12-15,Saturday,2.598909,2017
2017-12-16,Sunday/Holiday,1.2430652,2017
2017-12-17,Weekday,-0.21345317,2017
2017-12-18,Weekday,-1.92019,2017
2017-12-19,Weekday,-2.4883926,2017
2017-12-20,Weekday,-1.9927868,2017
2017-12-21,Weekday,0.81358194,2017
2017-12-22,Saturday,4.6504064,2017
2017-12-23,Sunday/Holiday,6.131691,2017
2017-12-24,Weekday,10.814193,2017
2017-12-25,Sunday/Holiday,5.630996,2017
2017-12-26,Sunday/Holiday,6.020851,2017
2017-12-27,Weekday,4.731101,2017
2017-12-28,Weekday,2.7626398,2017
2017-12-29,Saturday,-0.3462526,2017
2017-12-30,Sunday/Holiday,-0.110004865,2017
2017-12-31,Weekday,7.558317,2017
2018-01-01,Sunday/Holiday,4.931716,2018
2018-01-02,Weekday,2.6164844,2018
2018-01-03,Weekday,2.3829498,2018
2018-01-04,Weekday,3.4320104,2018
2018-01-05,Saturday,7.2281494,2018
2018-01-06,Sunday/Holiday,8.037318,2018
2018-01-07,Weekday,6.756975,2018
2018-01-08,Weekday,5.059631,2018
2018-01-09,Weekday,3.2548435,2018
2018-01-10,Weekday,2.9260924,2018
2018-01-11,Weekday,1.5750242,2018
2018-01-12,Saturday,2.604555,2018
2018-01-13,Sunday/Holiday,-0.22584087,2018
2018-01-14,Weekday,-3.2003918,2018
2018-01-15,Weekday,-5.070286,2018
2018-01-16,Weekday,-1.0875015,2018
2018-01-17,Weekday,1.1231078,2018
2018-01-18,Weekday,0.9233904,2018
2018-01-19,Saturday,2.4779322,2018
2018-01-20,Sunday/Holiday,0.5075033,2018
2018-01-21,Weekday,0.67529315,2018
2018-01-22,Weekday,-1.5235072,2018
2018-01-23,Weekday,2.0623949,2018
2018-01-24,Weekday,3.603856,2018
2018-01-25,Weekday,2.9211857,2018
2018-01-26,Saturday,4.6739244,2018
2018-01-27,Sunday/Holiday,-2.066134,2018
2018-01-28,Weekday,3.365673,2018
2018-01-29,Weekday,10.913877,2018
2018-01-30,Weekday,8.414114,2018
2018-01-31,Weekday,3.1788542,2018
2018-02-01,Weekday,4.4382463,2018
2018-02-02,Saturday,-0.76252514,2018
2018-02-03,Sunday/Holiday,-1.571889,2018
2018-02-04,Weekday,-0.5908914,2018
2018-02-05,Weekday,-1.7491034,2018
2018-02-06,Weekday,-3.2259119,2018
2018-02-07,Weekday,-2.4851372,2018
2018-02-08,Weekday,0.5270491,2018
2018-02-09,Saturday,-1.414795,2018
2018-02-10,Sunday/Holiday,-1.3036104,2018
2018-02-11,Weekday,-1.8656732,2018
2018-02-12,Weekday,-0.93733793,2018
2018-02-13,Weekday,-1.8505207,2018
2018-02-14,Weekday,-2.4189494,2018
2018-02-15,Weekday,-2.5463274,2018
2018-02-16,Saturday,-0.22122528,2018
2018-02-17,Sunday/Holiday,0.5888675,2018
2018-02-18,Weekday,-1.2645022,2018
2018-02-19,Weekday,-3.0116158,2018
2018-02-20,Weekday,-2.7514079,2018
2018-02-21,Weekday,-1.687623,2018
2018-02-22,Weekday,-3.1388505,2018
2018-02-23,Saturday,-2.9415123,2018
2018-02-24,Sunday/Holiday,-4.7776246,2018
2018-02-25,Weekday,-10.711637,2018
2018-02-26,Weekday,-12.252372,2018
2018-02-27,Weekday,-11.615836,2018
2018-02-28,Weekday,-12.282924,2018
2018-03-01,Weekday,-11.939565,2018
2018-03-02,Saturday,-9.888401,2018
2018-03-03,Sunday/Holiday,-6.107462,2018
2018-03-04,Weekday,-3.899,2018
2018-03-05,Weekday,-3.2279813,2018
2018-03-06,Weekday,-2.2366638,2018
2018-03-07,Weekday,4.062589,2018
2018-03-08,Weekday,4.773838,2018
2018-03-09,Saturday,6.3785567,2018
2018-03-10,Sunday/Holiday,8.188397,2018
2018-03-11,Weekday,8.625653,2018
2018-03-12,Weekday,8.355388,2018
2018-03-13,Weekday,7.6322103,2018
2018-03-14,Weekday,6.531467,2018
2018-03-15,Weekday,4.3720427,2018
2018-03-16,Saturday,5.8058286,2018
2018-03-17,Sunday/Holiday,2.792834,2018
2018-03-18,Weekday,-3.4288352,2018
2018-03-19,Weekday,-5.355209,2018
2018-03-20,Weekday,-5.2620683,2018
2018-03-21,Weekday,-2.295059,2018
2018-03-22,Weekday,-1.8029915,2018
2018-03-23,Saturday,0.33525047,2018
2018-03-24,Sunday/Holiday,1.9818662,2018
2018-03-25,Weekday,-0.6153212,2018
2018-03-26,Weekday,1.8965019,2018
2018-03-27,Weekday,3.202736,2018
2018-03-28,Weekday,5.0540643,2018
2018-03-29,Weekday,6.4146996,2018
2018-03-30,Saturday,4.411078,2018
2018-03-31,Sunday/Holiday,7.144962,2018
2018-04-01,Weekday,5.9102345,2018
2018-04-02,Sunday/Holiday,7.7922587,2018
2018-04-03,Weekday,12.22974,2018
2018-04-04,Weekday,11.865482,2018
2018-04-05,Weekday,9.548156,2018
2018-04-06,Saturday,8.230268,2018
2018-04-07,Sunday/Holiday,7.5094256,2018
2018-04-08,Weekday,10.390142,2018
2018-04-09,Weekday,14.528999,2018
2018-04-10,Weekday,10.364743,2018
2018-04-11,Weekday,12.23422,2018
2018-04-12,Weekday,11.967468,2018
2018-04-13,Saturday,11.787872,2018
2018-04-14,Sunday/Holiday,12.940948,2018
2018-04-15,Weekday,15.166367,2018
2018-04-16,Weekday,13.540005,2018
2018-04-17,Weekday,13.139043,2018
2018-04-18,Weekday,14.541553,2018
2018-04-19,Weekday,16.853382,2018
2018-04-20,Saturday,17.449732,2018
2018-04-21,Sunday/Holiday,18.676037,2018
2018-04-22,Weekday,19.675154,2018
2018-04-23,Weekday,18.51163,2018
2018-04-24,Weekday,15.692405,2018
2018-04-25,Weekday,18.25677,2018
2018-04-26,Weekday,10.989631,2018
2018-04-27,Saturday,10.421115,2018
2018-04-28,Sunday/Holiday,15.901643,2018
2018-04-29,Weekday,18.571585,2018
2018-04-30,Weekday,16.578318,2018
2018-05-01,Sunday/Holiday,14.628068,2018
2018-05-02,Weekday,16.720736,2018
2018-05-03,Weekday,16.865576,2018
2018-05-04,Saturday,16.769,2018
2018-05-05,Sunday/Holiday,15.313298,2018
2018-05-06,Weekday,15.537334,2018
2018-05-07,Weekday,15.972781,2018
2018-05-08,Weekday,13.997543,2018
2018-05-09,Weekday,15.310401,2018
2018-05-10,Sunday/Holiday,16.981327,2018
2018-05-11,Saturday,15.18978,2018
2018-05-12,Sunday/Holiday,16.243032,2018
2018-05-13,Weekday,15.495392,2018
2018-05-14,Weekday,11.574581,2018
2018-05-15,Weekday,8.658408,2018
2018-05-16,Weekday,10.383497,2018
2018-05-17,Weekday,13.079026,2018
2018-05-18,Saturday,13.768037,2018
2018-05-19,Sunday/Holiday,14.157227,2018
2018-05-20,Weekday,12.991033,2018
2018-05-21,Sunday/Holiday,14.114255,2018
2018-05-22,Weekday,15.7347,2018
2018-05-23,Weekday,17.13396,2018
2018-05-24,Weekday,16.259178,2018
2018-05-25,Saturday,15.080517,2018
2018-05-26,Sunday/Holiday,17.162374,2018
2018-05-27,Weekday,18.200163,2018
2018-05-28,Weekday,19.73794,2018
2018-05-29,Weekday,18.275976,2018
2018-05-30,Weekday,17.921322,2018
2018-05-31,Sunday/Holiday,20.139542,2018
2018-06-01,Saturday,18.481165,2018
2018-06-02,Sunday/Holiday,18.275967,2018
2018-06-03,Weekday,18.265003,2018
2018-06-04,Weekday,19.113203,2018
2018-06-05,Weekday,19.433538,2018
2018-06-06,Weekday,19.22943,2018
2018-06-07,Weekday,17.18149,2018
2018-06-08,Saturday,18.79442,2018
2018-06-09,Sunday/Holiday,18.262423,2018
2018-06-10,Weekday,19.843924,2018
2018-06-11,Weekday,22.015211,2018
2018-06-12,Weekday,19.93984,2018
2018-06-13,Weekday,15.526446,2018
2018-06-14,Weekday,13.98325,2018
2018-06-15,Saturday,15.601253,2018
2018-06-16,Sunday/Holiday,17.230398,2018
2018-06-17,Weekday,18.970549,2018
2018-06-18,Weekday,19.635967,2018
2018-06-19,Weekday,20.229198,2018
2018-06-20,Weekday,20.858107,2018
2018-06-21,Weekday,21.155584,2018
2018-06-22,Saturday,12.55964,2018
2018-06-23,Sunday/Holiday,12.2966,2018
2018-06-24,Weekday,13.628055,2018
2018-06-25,Weekday,12.179337,2018
2018-06-26,Weekday,14.556336,2018
2018-06-27,Weekday,14.276599,2018
2018-06-28,Weekday,14.793466,2018
2018-06-29,Saturday,18.712646,2018
2018-06-30,Sunday/Holiday,18.837797,2018
2018-07-01,Weekday,13.592571,2018
2018-07-02,Weekday,15.420194,2018
2018-07-03,Weekday,17.692688,2018
2018-07-04,Weekday,20.22648,2018
2018-07-05,Weekday,20.274721,2018
2018-07-06,Saturday,16.63641,2018
2018-07-07,Sunday/Holiday,18.600855,2018
2018-07-08,Weekday,18.265984,2018
2018-07-09,Weekday,19.084185,2018
2018-07-10,Weekday,18.807234,2018
2018-07-11,Weekday,13.665473,2018
2018-07-12,Weekday,16.69,2018
2018-07-13,Saturday,19.489199,2018
2018-07-14,Sunday/Holiday,19.956852,2018
2018-07-15,Weekday,18.55424,2018
2018-07-16,Weekday,19.185583,2018
2018-07-17,Weekday,19.194647,2018
2018-07-18,Weekday,21.283346,2018
2018-07-19,Weekday,22.16298,2018
2018-07-20,Saturday,21.047628,2018
2018-07-21,Sunday/Holiday,19.348068,2018
2018-07-22,Weekday,17.688211,2018
2018-07-23,Weekday,17.46145,2018
2018-07-24,Weekday,21.065985,2018
2018-07-25,Weekday,22.008791,2018
2018-07-26,Weekday,19.53361,2018
2018-07-27,Saturday,21.19272,2018
2018-07-28,Sunday/Holiday,22.190073,2018
2018-07-29,Weekday,23.903267,2018
2018-07-30,Weekday,23.734175,2018
2018-07-31,Weekday,25.165474,2018
2018-08-01,Weekday,23.951681,2018
2018-08-02,Weekday,21.394854,2018
2018-08-03,Saturday,22.585638,2018
2018-08-04,Sunday/Holiday,23.426504,2018
2018-08-05,Weekday,22.288168,2018
2018-08-06,Weekday,22.983635,2018
2018-08-07,Weekday,21.06851,2018
2018-08-08,Weekday,22.39953,2018
2018-08-09,Weekday,23.935724,2018
2018-08-10,Saturday,20.578348,2018
2018-08-11,Sunday/Holiday,17.985899,2018
2018-08-12,Weekday,19.734537,2018
2018-08-13,Weekday,22.248001,2018
2018-08-14,Weekday,17.521946,2018
2018-08-15,Sunday/Holiday,19.336218,2018
2018-08-16,Weekday,19.664495,2018
2018-08-17,Saturday,21.047096,2018
2018-08-18,Sunday/Holiday,22.11306,2018
2018-08-19,Weekday,23.676065,2018
2018-08-20,Weekday,22.709839,2018
2018-08-21,Weekday,22.839294,2018
2018-08-22,Weekday,23.102,2018
2018-08-23,Weekday,23.522657,2018
2018-08-24,Saturday,19.834612,2018
2018-08-25,Sunday/Holiday,13.785687,2018
2018-08-26,Weekday,10.96872,2018
2018-08-27,Weekday,14.871362,2018
2018-08-28,Weekday,18.933477,2018
2018-08-29,Weekday,19.070774,2018
2018-08-30,Weekday,18.176382,2018
2018-08-31,Saturday,15.743323,2018
2018-09-01,Sunday/Holiday,14.619026,2018
2018-09-02,Weekday,14.854974,2018
2018-09-03,Weekday,15.953687,2018
2018-09-04,Weekday,16.28262,2018
2018-09-05,Weekday,18.547602,2018
2018-09-06,Weekday,18.129282,2018
2018-09-07,Saturday,16.987667,2018
2018-09-08,Sunday/Holiday,17.953451,2018
2018-09-09,Weekday,18.421957,2018
2018-09-10,Weekday,19.162188,2018
2018-09-11,Weekday,20.434252,2018
2018-09-12,Weekday,21.863184,2018
2018-09-13,Weekday,21.11031,2018
2018-09-14,Saturday,17.82449,2018
2018-09-15,Sunday/Holiday,16.965422,2018
2018-09-16,Weekday,17.39474,2018
2018-09-17,Weekday,18.574862,2018
2018-09-18,Weekday,18.586569,2018
2018-09-19,Weekday,18.538363,2018
2018-09-20,Weekday,19.420538,2018
2018-09-21,Saturday,19.446703,2018
2018-09-22,Sunday/Holiday,10.437623,2018
2018-09-23,Weekday,12.45818,2018
2018-09-24,Weekday,10.289343,2018
2018-09-25,Weekday,7.9114227,2018
2018-09-26,Weekday,7.532696,2018
2018-09-27,Weekday,13.374428,2018
2018-09-28,Saturday,15.424033,2018
2018-09-29,Sunday/Holiday,10.403188,2018
2018-09-30,Weekday,8.399033,2018
2018-10-01,Weekday,8.80592,2018
2018-10-02,Weekday,8.118252,2018
2018-10-03,Weekday,10.990105,2018
2018-10-04,Weekday,11.231692,2018
2018-10-05,Saturday,11.387902,2018
2018-10-06,Sunday/Holiday,13.380282,2018
2018-10-07,Weekday,14.511407,2018
2018-10-08,Weekday,14.157649,2018
2018-10-09,Weekday,14.530839,2018
2018-10-10,Weekday,14.723255,2018
2018-10-11,Weekday,14.991062,2018
2018-10-12,Saturday,14.512498,2018
2018-10-13,Sunday/Holiday,14.057908,2018
2018-10-14,Weekday,13.571102,2018
2018-10-15,Weekday,11.261387,2018
2018-10-16,Weekday,11.977318,2018
2018-10-17,Weekday,12.408496,2018
2018-10-18,Weekday,14.366444,2018
2018-10-19,Saturday,13.376991,2018
2018-10-20,Sunday/Holiday,12.330783,2018
2018-10-21,Weekday,7.83865,2018
2018-10-22,Weekday,8.46754,2018
2018-10-23,Weekday,10.066827,2018
2018-10-24,Weekday,10.425744,2018
2018-10-25,Weekday,9.972852,2018
2018-10-26,Sunday/Holiday,11.092369,2018
2018-10-27,Sunday/Holiday,9.2771225,2018
2018-10-28,Weekday,7.5354943,2018
2018-10-29,Weekday,12.22899,2018
2018-10-30,Weekday,10.69134,2018
2018-10-31,Weekday,9.902534,2018
2018-11-01,Sunday/Holiday,10.48096,2018
2018-11-02,Saturday,12.364945,2018
2018-11-03,Sunday/Holiday,12.38271,2018
2018-11-04,Weekday,11.195545,2018
2018-11-05,Weekday,9.916636,2018
2018-11-06,Weekday,9.821107,2018
2018-11-07,Weekday,9.96416,2018
2018-11-08,Weekday,9.730582,2018
2018-11-09,Saturday,8.560149,2018
2018-11-10,Sunday/Holiday,8.215217,2018
2018-11-11,Weekday,11.748405,2018
2018-11-12,Weekday,11.391929,2018
2018-11-13,Weekday,9.971511,2018
2018-11-14,Weekday,7.938106,2018
2018-11-15,Weekday,5.6493945,2018
2018-11-16,Saturday,4.339199,2018
2018-11-17,Sunday/Holiday,1.4926697,2018
2018-11-18,Weekday,0.67716557,2018
2018-11-19,Weekday,-1.5613647,2018
2018-11-20,Weekday,-1.089269,2018
2018-11-21,Weekday,0.72535676,2018
2018-11-22,Weekday,2.0710182,2018
2018-11-23,Saturday,2.601259,2018
2018-11-24,Sunday/Holiday,3.227062,2018
2018-11-25,Weekday,4.387915,2018
2018-11-26,Weekday,2.9215105,2018
2018-11-27,Weekday,1.2249095,2018
2018-11-28,Weekday,-0.81932765,2018
2018-11-29,Weekday,-3.3505182,2018
2018-11-30,Saturday,-5.4155154,2018
2018-12-01,Sunday/Holiday,-2.2368805,2018
2018-12-02,Weekday,1.0801564,2018
2018-12-03,Weekday,7.9847813,2018
2018-12-04,Weekday,8.22475,2018
2018-12-05,Weekday,1.9189626,2018
2018-12-06,Weekday,0.70587784,2018
2018-12-07,Saturday,8.238285,2018
2018-12-08,Sunday/Holiday,5.352562,2018
2018-12-09,Weekday,4.5195627,2018
2018-12-10,Weekday,2.091952,2018
2018-12-11,Weekday,0.2680061,2018
2018-12-12,Weekday,0.426141,2018
2018-12-13,Weekday,-2.711643,2018
2018-12-14,Saturday,-3.9669507,2018
2018-12-15,Sunday/Holiday,-3.563545,2018
2018-12-16,Weekday,-5.0256906,2018
2018-12-17,Weekday,-1.2240218,2018
2018-12-18,Weekday,0.55136245,2018
2018-12-19,Weekday,-1.7069458,2018
2018-12-20,Weekday,-0.71316147,2018
2018-12-21,Saturday,3.9544642,2018
2018-12-22,Sunday/Holiday,6.9811726,2018
2018-12-23,Weekday,6.003737,2018
2018-12-24,Weekday,4.269771,2018
2018-12-25,Sunday/Holiday,1.5551862,2018
2018-12-26,Sunday/Holiday,1.969791,2018
2018-12-27,Weekday,4.9495826,2018
2018-12-28,Saturday,7.040095,2018
2018-12-29,Sunday/Holiday,2.2287447,2018
2018-12-30,Weekday,3.1121414,2018
2018-12-31,Weekday,2.9023197,2018
2019-01-01,Sunday/Holiday,1.3586663,2019
2019-01-02,Weekday,-0.73374915,2019
2019-01-03,Weekday,-4.543436,2019
2019-01-04,Saturday,-3.9527166,2019
2019-01-05,Sunday/Holiday,0.7044716,2019
2019-01-06,Sunday/Holiday,1.7038192,2019
2019-01-07,Weekday,-3.8316963,2019
2019-01-08,Weekday,-0.15816705,2019
2019-01-09,Weekday,0.45100474,2019
2019-01-10,Weekday,-1.0039663,2019
2019-01-11,Saturday,-2.7028296,2019
2019-01-12,Sunday/Holiday,0.6805885,2019
2019-01-13,Weekday,3.3352082,2019
2019-01-14,Weekday,2.4714267,2019
2019-01-15,Weekday,-0.4212408,2019
2019-01-16,Weekday,4.3025723,2019
2019-01-17,Weekday,5.273121,2019
2019-01-18,Saturday,-0.1120685,2019
2019-01-19,Sunday/Holiday,-3.9447963,2019
2019-01-20,Weekday,-2.880354,2019
2019-01-21,Weekday,-3.5376518,2019
2019-01-22,Weekday,-4.893101,2019
2019-01-23,Weekday,-6.0695934,2019
2019-01-24,Weekday,-3.7809126,2019
2019-01-25,Saturday,-3.9099433,2019
2019-01-26,Sunday/Holiday,-0.77761215,2019
2019-01-27,Weekday,1.751952,2019
2019-01-28,Weekday,0.98841816,2019
2019-01-29,Weekday,0.08054576,2019
2019-01-30,Weekday,-1.9241909,2019
2019-01-31,Weekday,-2.8646746,2019
2019-02-01,Saturday,-0.4683113,2019
2019-02-02,Sunday/Holiday,6.9238467,2019
2019-02-03,Weekday,4.8010497,2019
2019-02-04,Weekday,0.55068535,2019
2019-02-05,Weekday,-0.93290573,2019
2019-02-06,Weekday,0.5937553,2019
2019-02-07,Weekday,-0.21704401,2019
2019-02-08,Saturday,2.276828,2019
2019-02-09,Sunday/Holiday,3.116719,2019
2019-02-10,Weekday,5.163413,2019
2019-02-11,Weekday,2.9194832,2019
2019-02-12,Weekday,1.4053122,2019
2019-02-13,Weekday,2.9951975,2019
2019-02-14,Weekday,6.260945,2019
2019-02-15,Saturday,5.469408,2019
2019-02-16,Sunday/Holiday,7.6951714,2019
2019-02-17,Weekday,9.878575,2019
2019-02-18,Weekday,8.908622,2019
2019-02-19,Weekday,8.222556,2019
2019-02-20,Weekday,6.969647,2019
2019-02-21,Weekday,7.097853,2019
2019-02-22,Saturday,6.008304,2019
2019-02-23,Sunday/Holiday,-2.2879086,2019
2019-02-24,Weekday,-1.7940398,2019
2019-02-25,Weekday,7.396969,2019
2019-02-26,Weekday,10.775852,2019
2019-02-27,Weekday,9.879951,2019
2019-02-28,Weekday,13.399602,2019
2019-03-01,Saturday,9.511922,2019
2019-03-02,Sunday/Holiday,5.322134,2019
2019-03-03,Weekday,8.262645,2019
2019-03-04,Weekday,9.378023,2019
2019-03-05,Weekday,6.6406097,2019
2019-03-06,Weekday,6.7760773,2019
2019-03-07,Weekday,11.187366,2019
2019-03-08,Saturday,7.450205,2019
2019-03-09,Sunday/Holiday,7.353189,2019
2019-03-10,Weekday,10.303304,2019
2019-03-11,Weekday,4.7824903,2019
2019-03-12,Weekday,2.52575,2019
2019-03-13,Weekday,1.5203573,2019
2019-03-14,Weekday,4.2963433,2019
2019-03-15,Saturday,6.2290688,2019
2019-03-16,Sunday/Holiday,8.9952,2019
2019-03-17,Weekday,11.933102,2019
2019-03-18,Weekday,3.463641,2019
2019-03-19,Weekday,2.8782957,2019
2019-03-20,Weekday,3.194126,2019
2019-03-21,Weekday,5.1470795,2019
2019-03-22,Saturday,9.5980215,2019
2019-03-23,Sunday/Holiday,11.979295,2019
2019-03-24,Weekday,13.775792,2019
2019-03-25,Weekday,7.689035,2019
2019-03-26,Weekday,3.44687,2019
2019-03-27,Weekday,3.9713929,2019
2019-03-28,Weekday,6.1780496,2019
2019-03-29,Saturday,8.309903,2019
2019-03-30,Sunday/Holiday,10.141548,2019
2019-03-31,Weekday,12.681333,2019
2019-04-01,Weekday,11.281133,2019
2019-04-02,Weekday,10.115231,2019
2019-04-03,Weekday,10.765769,2019
2019-04-04,Weekday,9.862829,2019
2019-04-05,Saturday,7.4348054,2019
2019-04-06,Sunday/Holiday,5.5016685,2019
2019-04-07,Weekday,9.1077175,2019
2019-04-08,Weekday,11.216664,2019
2019-04-09,Weekday,11.607446,2019
2019-04-10,Weekday,8.626603,2019
2019-04-11,Weekday,4.9525666,2019
2019-04-12,Saturday,5.057395,2019
2019-04-13,Sunday/Holiday,4.388361,2019
2019-04-14,Weekday,3.4742205,2019
2019-04-15,Weekday,7.284342,2019
2019-04-16,Weekday,9.034606,2019
2019-04-17,Weekday,10.341186,2019
2019-04-18,Weekday,10.450324,2019
2019-04-19,Saturday,13.262642,2019
2019-04-20,Sunday/Holiday,13.496906,2019
2019-04-21,Weekday,14.505733,2019
2019-04-22,Sunday/Holiday,14.325105,2019
2019-04-23,Weekday,7.6543694,2019
2019-04-24,Weekday,11.304807,2019
2019-04-25,Weekday,16.385674,2019
2019-04-26,Saturday,15.89284,2019
2019-04-27,Sunday/Holiday,10.589063,2019
2019-04-28,Weekday,9.1065445,2019
2019-04-29,Weekday,7.594425,2019
2019-04-30,Weekday,7.2366543,2019
2019-05-01,Sunday/Holiday,11.314983,2019
2019-05-02,Weekday,14.693749,2019
2019-05-03,Saturday,10.52489,2019
2019-05-04,Sunday/Holiday,6.8858643,2019
2019-05-05,Weekday,3.2511146,2019
2019-05-06,Weekday,4.141882,2019
2019-05-07,Weekday,7.0317783,2019
2019-05-08,Weekday,9.09681,2019
2019-05-09,Weekday,8.130315,2019
2019-05-10,Saturday,11.6568985,2019
2019-05-11,Sunday/Holiday,13.221817,2019
2019-05-12,Weekday,7.811565,2019
2019-05-13,Weekday,6.457111,2019
2019-05-14,Weekday,5.5849824,2019
2019-05-15,Weekday,6.129221,2019
2019-05-16,Weekday,7.506208,2019
2019-05-17,Saturday,8.831313,2019
2019-05-18,Sunday/Holiday,10.631125,2019
2019-05-19,Weekday,12.402474,2019
2019-05-20,Weekday,11.439549,2019
2019-05-21,Weekday,11.937272,2019
2019-05-22,Weekday,13.910161,2019
2019-05-23,Weekday,13.3896055,2019
2019-05-24,Saturday,14.89415,2019
2019-05-25,Sunday/Holiday,16.060768,2019
2019-05-26,Weekday,17.150818,2019
2019-05-27,Weekday,13.4811125,2019
2019-05-28,Weekday,12.133423,2019
2019-05-29,Weekday,9.530601,2019
2019-05-30,Sunday/Holiday,9.435643,2019
2019-05-31,Saturday,13.887248,2019
2019-06-01,Sunday/Holiday,17.744837,2019
2019-06-02,Weekday,18.85758,2019
2019-06-03,Weekday,19.853624,2019
2019-06-04,Weekday,19.981106,2019
2019-06-05,Weekday,19.615427,2019
2019-06-06,Weekday,17.230738,2019
2019-06-07,Saturday,19.590319,2019
2019-06-08,Sunday/Holiday,19.878244,2019
2019-06-09,Weekday,19.926344,2019
2019-06-10,Sunday/Holiday,21.847197,2019
2019-06-11,Weekday,22.251215,2019
2019-06-12,Weekday,22.807564,2019
2019-06-13,Weekday,23.342813,2019
2019-06-14,Saturday,23.683235,2019
2019-06-15,Sunday/Holiday,23.703337,2019
2019-06-16,Weekday,20.152607,2019
2019-06-17,Weekday,18.794235,2019
2019-06-18,Weekday,19.824314,2019
2019-06-19,Weekday,19.085058,2019
2019-06-20,Sunday/Holiday,20.415043,2019
2019-06-21,Saturday,19.330286,2019
2019-06-22,Sunday/Holiday,17.417194,2019
2019-06-23,Weekday,16.81936,2019
2019-06-24,Weekday,20.47888,2019
2019-06-25,Weekday,22.648657,2019
2019-06-26,Weekday,24.55966,2019
2019-06-27,Weekday,26.76178,2019
2019-06-28,Saturday,20.77342,2019
2019-06-29,Sunday/Holiday,19.651625,2019
2019-06-30,Weekday,23.104729,2019
2019-07-01,Weekday,25.776716,2019
2019-07-02,Weekday,21.70832,2019
2019-07-03,Weekday,18.712101,2019
2019-07-04,Weekday,18.385862,2019
2019-07-05,Saturday,21.438295,2019
2019-07-06,Sunday/Holiday,22.193117,2019
2019-07-07,Weekday,18.752237,2019
2019-07-08,Weekday,14.961244,2019
2019-07-09,Weekday,15.104165,2019
2019-07-10,Weekday,15.486268,2019
2019-07-11,Weekday,16.791494,2019
2019-07-12,Saturday,15.971153,2019
2019-07-13,Sunday/Holiday,16.209242,2019
2019-07-14,Weekday,16.983244,2019
2019-07-15,Weekday,16.667948,2019
2019-07-16,Weekday,18.889172,2019
2019-07-17,Weekday,19.082777,2019
2019-07-18,Weekday,17.199873,2019
2019-07-19,Saturday,20.507631,2019
2019-07-20,Sunday/Holiday,22.81021,2019
2019-07-21,Weekday,22.186203,2019
2019-07-22,Weekday,22.040964,2019
2019-07-23,Weekday,24.23809,2019
2019-07-24,Weekday,24.548737,2019
2019-07-25,Weekday,25.533869,2019
2019-07-26,Saturday,23.799429,2019
2019-07-27,Sunday/Holiday,20.7643,2019
2019-07-28,Weekday,16.937551,2019
2019-07-29,Weekday,19.101034,2019
2019-07-30,Weekday,22.214937,2019
2019-07-31,Weekday,21.533312,2019
2019-08-01,Weekday,20.398294,2019
2019-08-02,Saturday,17.71881,2019
2019-08-03,Sunday/Holiday,17.073599,2019
2019-08-04,Weekday,17.544443,2019
2019-08-05,Weekday,20.447756,2019
2019-08-06,Weekday,22.35691,2019
2019-08-07,Weekday,22.251574,2019
2019-08-08,Weekday,18.085354,2019
2019-08-09,Saturday,21.441313,2019
2019-08-10,Sunday/Holiday,24.728708,2019
2019-08-11,Weekday,20.282867,2019
2019-08-12,Weekday,23.565016,2019
2019-08-13,Weekday,17.78688,2019
2019-08-14,Weekday,15.372517,2019
2019-08-15,Sunday/Holiday,17.023092,2019
2019-08-16,Saturday,17.228525,2019
2019-08-17,Sunday/Holiday,18.715374,2019
2019-08-18,Weekday,22.77275,2019
2019-08-19,Weekday,22.228844,2019
2019-08-20,Weekday,22.010908,2019
2019-08-21,Weekday,17.51222,2019
2019-08-22,Weekday,16.448917,2019
2019-08-23,Saturday,19.044495,2019
2019-08-24,Sunday/Holiday,19.817854,2019
2019-08-25,Weekday,19.667717,2019
2019-08-26,Weekday,19.826357,2019
2019-08-27,Weekday,20.930696,2019
2019-08-28,Weekday,22.442575,2019
2019-08-29,Weekday,22.323465,2019
2019-08-30,Saturday,21.860563,2019
2019-08-31,Sunday/Holiday,23.07409,2019
2019-09-01,Weekday,21.876823,2019
2019-09-02,Weekday,17.540993,2019
2019-09-03,Weekday,15.302094,2019
2019-09-04,Weekday,16.255796,2019
2019-09-05,Weekday,17.943789,2019
2019-09-06,Saturday,13.318559,2019
2019-09-07,Sunday/Holiday,12.539642,2019
2019-09-08,Weekday,11.376168,2019
2019-09-09,Weekday,12.292062,2019
2019-09-10,Weekday,13.172858,2019
2019-09-11,Weekday,15.793958,2019
2019-09-12,Weekday,17.570917,2019
2019-09-13,Saturday,18.811975,2019
2019-09-14,Sunday/Holiday,16.77521,2019
2019-09-15,Weekday,16.770803,2019
2019-09-16,Weekday,20.384375,2019
2019-09-17,Weekday,18.508268,2019
2019-09-18,Weekday,12.569171,2019
2019-09-19,Weekday,10.800278,2019
2019-09-20,Saturday,9.755884,2019
2019-09-21,Sunday/Holiday,11.223445,2019
2019-09-22,Weekday,11.268444,2019
2019-09-23,Weekday,14.603665,2019
2019-09-24,Weekday,15.110864,2019
2019-09-25,Weekday,13.184604,2019
2019-09-26,Weekday,13.887927,2019
2019-09-27,Saturday,16.248077,2019
2019-09-28,Sunday/Holiday,13.900131,2019
2019-09-29,Weekday,14.781447,2019
2019-09-30,Weekday,17.430878,2019
2019-10-01,Weekday,15.31395,2019
2019-10-02,Weekday,12.965065,2019
2019-10-03,Weekday,8.629291,2019
2019-10-04,Saturday,8.634416,2019
2019-10-05,Sunday/Holiday,9.709474,2019
2019-10-06,Weekday,7.647234,2019
2019-10-07,Weekday,4.364816,2019
2019-10-08,Weekday,7.971579,2019
2019-10-09,Weekday,12.791682,2019
2019-10-10,Weekday,9.498233,2019
2019-10-11,Saturday,10.85331,2019
2019-10-12,Sunday/Holiday,13.756725,2019
2019-10-13,Weekday,15.278953,2019
2019-10-14,Weekday,15.775151,2019
2019-10-15,Weekday,13.568928,2019
2019-10-16,Weekday,12.85252,2019
2019-10-17,Weekday,12.21683,2019
2019-10-18,Saturday,13.091824,2019
2019-10-19,Sunday/Holiday,13.840747,2019
2019-10-20,Weekday,15.244503,2019
2019-10-21,Weekday,18.748995,2019
2019-10-22,Weekday,16.68976,2019
2019-10-23,Weekday,16.556042,2019
2019-10-24,Weekday,17.42018,2019
2019-10-25,Saturday,15.8370905,2019
2019-10-26,Sunday/Holiday,14.826886,2019
2019-10-27,Weekday,17.044834,2019
2019-10-28,Weekday,11.983276,2019
2019-10-29,Weekday,4.2806153,2019
2019-10-30,Weekday,3.1924508,2019
2019-10-31,Weekday,1.8470515,2019
2019-11-01,Sunday/Holiday,2.4700963,2019
2019-11-02,Sunday/Holiday,6.036373,2019
2019-11-03,Weekday,11.724782,2019
2019-11-04,Weekday,9.43194,2019
2019-11-05,Weekday,7.55893,2019
2019-11-06,Weekday,6.147074,2019
2019-11-07,Weekday,6.156492,2019
2019-11-08,Saturday,5.0018477,2019
2019-11-09,Sunday/Holiday,5.508629,2019
2019-11-10,Weekday,4.270852,2019
2019-11-11,Weekday,2.6945884,2019
2019-11-12,Weekday,4.4902444,2019
2019-11-13,Weekday,3.435318,2019
2019-11-14,Weekday,2.5586722,2019
2019-11-15,Saturday,5.014159,2019
2019-11-16,Sunday/Holiday,7.493525,2019
2019-11-17,Weekday,8.574283,2019
2019-11-18,Weekday,7.58729,2019
2019-11-19,Weekday,7.112942,2019
2019-11-20,Weekday,6.7738833,2019
2019-11-21,Weekday,6.4359646,2019
2019-11-22,Saturday,4.715725,2019
2019-11-23,Sunday/Holiday,4.9334245,2019
2019-11-24,Weekday,4.233901,2019
2019-11-25,Weekday,3.331069,2019
2019-11-26,Weekday,2.6701815,2019
2019-11-27,Weekday,4.411657,2019
2019-11-28,Weekday,6.994911,2019
2019-11-29,Saturday,6.8522363,2019
2019-11-30,Sunday/Holiday,2.6459792,2019
2019-12-01,Weekday,0.021691697,2019
2019-12-02,Weekday,0.15135202,2019
2019-12-03,Weekday,-0.3517938,2019
2019-12-04,Weekday,-1.5337204,2019
2019-12-05,Weekday,-3.456443,2019
2019-12-06,Saturday,-2.75591,2019
2019-12-07,Sunday/Holiday,5.3664193,2019
2019-12-08,Sunday/Holiday,6.8027606,2019
2019-12-09,Weekday,4.9987226,2019
2019-12-10,Weekday,2.1343043,2019
2019-12-11,Weekday,-1.142275,2019
2019-12-12,Weekday,-2.0886202,2019
2019-12-13,Saturday,-1.9304748,2019
2019-12-14,Sunday/Holiday,2.635285,2019
2019-12-15,Weekday,6.6980395,2019
2019-12-16,Weekday,8.921746,2019
2019-12-17,Weekday,11.435767,2019
2019-12-18,Weekday,11.523391,2019
2019-12-19,Weekday,9.604658,2019
2019-12-20,Saturday,7.96328,2019
2019-12-21,Sunday/Holiday,6.8913045,2019
2019-12-22,Weekday,4.6844144,2019
2019-12-23,Weekday,6.228552,2019
2019-12-24,Weekday,5.725212,2019
2019-12-25,Sunday/Holiday,4.7695374,2019
2019-12-26,Sunday/Holiday,3.0933685,2019
2019-12-27,Saturday,0.6590985,2019
2019-12-28,Sunday/Holiday,-0.7020044,2019
2019-12-29,Weekday,-2.8935106,2019
2019-12-30,Weekday,-1.9092358,2019
2019-12-31,Weekday,7.64328,2019
2020-01-01,Sunday/Holiday,0.5875775,2020
2020-01-02,Weekday,6.4477315,2020
2020-01-03,Saturday,4.9550605,2020
2020-01-04,Sunday/Holiday,5.4612317,2020
2020-01-05,Weekday,0.4525443,2020
2020-01-06,Sunday/Holiday,-1.9517452,2020
2020-01-07,Weekday,2.5111787,2020
2020-01-08,Weekday,2.4340441,2020
2020-01-09,Weekday,6.3928676,2020
2020-01-10,Saturday,3.940626,2020
2020-01-11,Sunday/Holiday,5.2160716,2020
2020-01-12,Weekday,0.7490173,2020
2020-01-13,Weekday,1.8764709,2020
2020-01-14,Weekday,-4.448338,2020
2020-01-15,Weekday,-4.542334,2020
2020-01-16,Weekday,5.970127,2020
2020-01-17,Saturday,0.22154582,2020
2020-01-18,Sunday/Holiday,-0.96178246,2020
2020-01-19,Weekday,1.0434525,2020
2020-01-20,Weekday,0.67911625,2020
2020-01-21,Weekday,-0.08967859,2020
2020-01-22,Weekday,0.26756355,2020
2020-01-23,Weekday,-1.1990331,2020
2020-01-24,Saturday,-2.6678483,2020
2020-01-25,Sunday/Holiday,2.6866362,2020
2020-01-26,Weekday,-1.4358016,2020
2020-01-27,Weekday,3.672207,2020
2020-01-28,Weekday,3.2634203,2020
2020-01-29,Weekday,2.4806693,2020
2020-01-30,Weekday,3.338728,2020
2020-01-31,Saturday,10.093497,2020
2020-02-01,Sunday/Holiday,11.11579,2020
2020-02-02,Weekday,9.205875,2020
2020-02-03,Weekday,8.650109,2020
2020-02-04,Weekday,3.5988264,2020
2020-02-05,Weekday,0.09463104,2020
2020-02-06,Weekday,1.3441292,2020
2020-02-07,Saturday,0.66617304,2020
2020-02-08,Sunday/Holiday,1.55909,2020
2020-02-09,Weekday,3.8339188,2020
2020-02-10,Weekday,7.629013,2020
2020-02-11,Weekday,4.868111,2020
2020-02-12,Weekday,3.3637836,2020
2020-02-13,Weekday,2.80066,2020
2020-02-14,Saturday,5.9527526,2020
2020-02-15,Sunday/Holiday,5.0394917,2020
2020-02-16,Weekday,5.696524,2020
2020-02-17,Weekday,9.748446,2020
2020-02-18,Weekday,8.059452,2020
2020-02-19,Weekday,2.7829552,2020
2020-02-20,Weekday,3.1524556,2020
2020-02-21,Saturday,4.2959404,2020
2020-02-22,Sunday/Holiday,5.2967105,2020
2020-02-23,Weekday,11.565259,2020
2020-02-24,Weekday,8.385914,2020
2020-02-25,Weekday,8.517258,2020
2020-02-26,Weekday,2.3884325,2020
2020-02-27,Weekday,2.1837742,2020
2020-02-28,Saturday,1.5193657,2020
2020-02-29,Sunday/Holiday,2.3944852,2020
2020-03-01,Weekday,6.7016335,2020
2020-03-02,Weekday,6.686027,2020
2020-03-03,Weekday,5.5746875,2020
2020-03-04,Weekday,3.3297312,2020
2020-03-05,Weekday,3.7736824,2020
2020-03-06,Saturday,2.7725317,2020
2020-03-07,Sunday/Holiday,4.3603997,2020
2020-03-08,Weekday,3.329712,2020
2020-03-09,Weekday,4.3521266,2020
2020-03-10,Weekday,6.579561,2020
2020-03-11,Weekday,12.270253,2020
2020-03-12,Weekday,12.956393,2020
2020-03-13,Saturday,6.8776517,2020
2020-03-14,Sunday/Holiday,4.6461406,2020
2020-03-15,Weekday,1.5777469,2020
2020-03-16,Weekday,4.727634,2020
2020-03-17,Weekday,11.003514,2020
2020-03-18,Weekday,11.198024,2020
2020-03-19,Weekday,12.483719,2020
2020-03-20,Saturday,13.409776,2020
2020-03-21,Sunday/Holiday,7.101703,2020
2020-03-22,Weekday,-0.89223915,2020
2020-03-23,Weekday,-2.7380188,2020
2020-03-24,Weekday,-0.8554685,2020
2020-03-25,Weekday,-2.4584086,2020
2020-03-26,Weekday,-0.09591752,2020
2020-03-27,Saturday,7.1030354,2020
2020-03-28,Sunday/Holiday,9.535267,2020
2020-03-29,Weekday,9.115052,2020
2020-03-30,Weekday,1.7154449,2020
2020-03-31,Weekday,-0.9439613,2020
2020-04-01,Weekday,0.57717496,2020
2020-04-02,Weekday,3.925041,2020
2020-04-03,Saturday,8.391765,2020
2020-04-04,Sunday/Holiday,7.2130427,2020
2020-04-05,Weekday,8.914828,2020
2020-04-06,Weekday,10.515897,2020
2020-04-07,Weekday,10.720305,2020
2020-04-08,Weekday,11.700867,2020
2020-04-09,Weekday,14.528377,2020
2020-04-10,Saturday,14.40472,2020
2020-04-11,Sunday/Holiday,13.629119,2020
2020-04-12,Weekday,14.728009,2020
2020-04-13,Sunday/Holiday,14.947604,2020
2020-04-14,Weekday,4.1946883,2020
2020-04-15,Weekday,6.014752,2020
2020-04-16,Weekday,13.69598,2020
2020-04-17,Saturday,17.46507,2020
2020-04-18,Sunday/Holiday,15.722908,2020
2020-04-19,Weekday,12.100864,2020
2020-04-20,Weekday,7.3569036,2020
2020-04-21,Weekday,8.746685,2020
2020-04-22,Weekday,9.89007,2020
2020-04-23,Weekday,11.351829,2020
2020-04-24,Saturday,14.20845,2020
2020-04-25,Sunday/Holiday,14.96819,2020
2020-04-26,Weekday,10.313915,2020
2020-04-27,Weekday,11.910099,2020
2020-04-28,Weekday,14.725056,2020
2020-04-29,Weekday,10.706393,2020
2020-04-30,Weekday,12.691411,2020
2020-05-01,Sunday/Holiday,10.850816,2020
2020-05-02,Sunday/Holiday,11.194846,2020
2020-05-03,Weekday,8.652112,2020
2020-05-04,Weekday,11.70697,2020
2020-05-05,Weekday,9.3125105,2020
2020-05-06,Weekday,8.422519,2020
2020-05-07,Weekday,13.068211,2020
2020-05-08,Saturday,16.085947,2020
2020-05-09,Sunday/Holiday,17.59596,2020
2020-05-10,Weekday,16.679878,2020
2020-05-11,Weekday,14.742888,2020
2020-05-12,Weekday,6.832557,2020
2020-05-13,Weekday,10.73803,2020
2020-05-14,Weekday,12.493332,2020
2020-05-15,Saturday,8.549294,2020
2020-05-16,Sunday/Holiday,9.486049,2020
2020-05-17,Weekday,12.472913,2020
2020-05-18,Weekday,16.340313,2020
2020-05-19,Weekday,14.786187,2020
2020-05-20,Weekday,14.188918,2020
2020-05-21,Sunday/Holiday,13.654176,2020
2020-05-22,Saturday,14.013425,2020
2020-05-23,Sunday/Holiday,15.649482,2020
2020-05-24,Weekday,12.303182,2020
2020-05-25,Weekday,10.858948,2020
2020-05-26,Weekday,9.855937,2020
2020-05-27,Weekday,12.986351,2020
2020-05-28,Weekday,12.094111,2020
2020-05-29,Saturday,11.561631,2020
2020-05-30,Sunday/Holiday,9.861153,2020
2020-05-31,Weekday,9.500695,2020
2020-06-01,Sunday/Holiday,14.630512,2020
2020-06-02,Weekday,14.853095,2020
2020-06-03,Weekday,15.383414,2020
2020-06-04,Weekday,14.6871605,2020
2020-06-05,Saturday,13.135181,2020
2020-06-06,Sunday/Holiday,15.833905,2020
2020-06-07,Weekday,18.272934,2020
2020-06-08,Weekday,12.044581,2020
2020-06-09,Weekday,12.866021,2020
2020-06-10,Weekday,13.588695,2020
2020-06-11,Sunday/Holiday,15.938836,2020
2020-06-12,Saturday,19.358385,2020
2020-06-13,Sunday/Holiday,21.720999,2020
2020-06-14,Weekday,18.966988,2020
2020-06-15,Weekday,14.822128,2020
2020-06-16,Weekday,17.163061,2020
2020-06-17,Weekday,17.204466,2020
2020-06-18,Weekday,17.368387,2020
2020-06-19,Saturday,16.53153,2020
2020-06-20,Sunday/Holiday,14.299416,2020
2020-06-21,Weekday,15.107334,2020
2020-06-22,Weekday,19.288597,2020
2020-06-23,Weekday,19.445578,2020
2020-06-24,Weekday,16.422659,2020
2020-06-25,Weekday,13.134715,2020
2020-06-26,Saturday,17.758827,2020
2020-06-27,Sunday/Holiday,21.786263,2020
2020-06-28,Weekday,22.547201,2020
2020-06-29,Weekday,17.657999,2020
2020-06-30,Weekday,18.427053,2020
2020-07-01,Weekday,20.04274,2020
2020-07-02,Weekday,19.820936,2020
2020-07-03,Saturday,16.6037,2020
2020-07-04,Sunday/Holiday,18.379087,2020
2020-07-05,Weekday,21.208576,2020
2020-07-06,Weekday,20.318829,2020
2020-07-07,Weekday,14.359112,2020
2020-07-08,Weekday,17.161257,2020
2020-07-09,Weekday,19.478626,2020
2020-07-10,Saturday,22.856133,2020
2020-07-11,Sunday/Holiday,15.887169,2020
2020-07-12,Weekday,14.401788,2020
2020-07-13,Weekday,15.57436,2020
2020-07-14,Weekday,15.846049,2020
2020-07-15,Weekday,16.21328,2020
2020-07-16,Weekday,15.912784,2020
2020-07-17,Saturday,13.59262,2020
2020-07-18,Sunday/Holiday,13.498306,2020
2020-07-19,Weekday,16.753603,2020
2020-07-20,Weekday,19.37993,2020
2020-07-21,Weekday,21.723732,2020
2020-07-22,Weekday,18.708582,2020
2020-07-23,Weekday,19.308805,2020
2020-07-24,Saturday,17.488089,2020
2020-07-25,Sunday/Holiday,18.023455,2020
2020-07-26,Weekday,19.353662,2020
2020-07-27,Weekday,20.930407,2020
2020-07-28,Weekday,23.230558,2020
2020-07-29,Weekday,20.953707,2020
2020-07-30,Weekday,22.189646,2020
2020-07-31,Saturday,24.328484,2020
2020-08-01,Sunday/Holiday,22.432083,2020
2020-08-02,Weekday,20.270601,2020
2020-08-03,Weekday,,2020
2020-08-04,Weekday,,2020
2020-08-05,Weekday,14.50825,2020
2020-08-06,Weekday,18.855515,2020
2020-08-07,Saturday,23.189909,2020
2020-08-08,Sunday/Holiday,24.422752,2020
2020-08-09,Weekday,24.24473,2020
2020-08-10,Weekday,23.94223,2020
2020-08-11,Weekday,21.186451,2020
2020-08-12,Weekday,21.423378,2020
2020-08-13,Weekday,20.426386,2020
2020-08-14,Saturday,19.527534,2020
2020-08-15,Sunday/Holiday,18.964636,2020
2020-08-16,Weekday,18.287153,2020
2020-08-17,Weekday,17.950426,2020
2020-08-18,Weekday,17.05197,2020
2020-08-19,Weekday,18.827955,2020
2020-08-20,Weekday,20.5593,2020
2020-08-21,Saturday,21.965918,2020
2020-08-22,Sunday/Holiday,22.360146,2020
2020-08-23,Weekday,19.33606,2020
2020-08-24,Weekday,16.094889,2020
2020-08-25,Weekday,17.473408,2020
2020-08-26,Weekday,20.649612,2020
2020-08-27,Weekday,19.79978,2020
2020-08-28,Saturday,19.066164,2020
2020-08-29,Sunday/Holiday,20.115753,2020
2020-08-30,Weekday,18.473179,2020
2020-08-31,Weekday,13.952797,2020
2020-09-01,Weekday,12.767377,2020
2020-09-02,Weekday,12.537629,2020
2020-09-03,Weekday,14.169132,2020
2020-09-04,Saturday,17.5972,2020
2020-09-05,Sunday/Holiday,19.440975,2020
2020-09-06,Weekday,16.572653,2020
2020-09-07,Weekday,14.292878,2020
2020-09-08,Weekday,15.386239,2020
2020-09-09,Weekday,17.443699,2020
2020-09-10,Weekday,18.753885,2020
2020-09-11,Saturday,18.129469,2020
2020-09-12,Sunday/Holiday,19.5875,2020
2020-09-13,Weekday,20.478556,2020
2020-09-14,Weekday,20.202915,2020
2020-09-15,Weekday,20.803091,2020
2020-09-16,Weekday,20.815306,2020
2020-09-17,Weekday,18.62325,2020
2020-09-18,Saturday,12.940422,2020
2020-09-19,Sunday/Holiday,13.189472,2020
2020-09-20,Weekday,14.0186,2020
2020-09-21,Weekday,16.2019,2020
2020-09-22,Weekday,17.174742,2020
2020-09-23,Weekday,15.997258,2020
2020-09-24,Weekday,16.346972,2020
2020-09-25,Saturday,12.094213,2020
2020-09-26,Sunday/Holiday,6.9878345,2020
2020-09-27,Weekday,8.613306,2020
2020-09-28,Weekday,7.892788,2020
2020-09-29,Weekday,10.522803,2020
2020-09-30,Weekday,12.451726,2020
2020-10-01,Weekday,13.300675,2020
2020-10-02,Saturday,13.160235,2020
2020-10-03,Sunday/Holiday,15.005654,2020
2020-10-04,Weekday,12.793475,2020
2020-10-05,Weekday,11.458322,2020
2020-10-06,Weekday,12.340112,2020
2020-10-07,Weekday,10.814364,2020
2020-10-08,Weekday,11.542314,2020
2020-10-09,Saturday,13.882577,2020
2020-10-10,Sunday/Holiday,12.441086,2020
2020-10-11,Weekday,5.440142,2020
2020-10-12,Weekday,5.5296574,2020
2020-10-13,Weekday,5.9265103,2020
2020-10-14,Weekday,7.751411,2020
2020-10-15,Weekday,5.5657887,2020
2020-10-16,Saturday,5.161282,2020
2020-10-17,Sunday/Holiday,6.5268445,2020
2020-10-18,Weekday,6.7147517,2020
2020-10-19,Weekday,7.3713765,2020
2020-10-20,Weekday,7.1921277,2020
2020-10-21,Weekday,11.164752,2020
2020-10-22,Weekday,11.608997,2020
2020-10-23,Saturday,11.458848,2020
2020-10-24,Sunday/Holiday,12.068642,2020
2020-10-25,Weekday,11.862172,2020
2020-10-26,Sunday/Holiday,10.758241,2020
2020-10-27,Weekday,8.88096,2020
2020-10-28,Weekday,9.145286,2020
2020-10-29,Weekday,10.199341,2020
2020-10-30,Saturday,9.914065,2020
2020-10-31,Sunday/Holiday,12.715572,2020
2020-11-01,Sunday/Holiday,10.306802,2020
2020-11-02,Weekday,14.52995,2020
2020-11-03,Weekday,16.711805,2020
2020-11-04,Weekday,9.880632,2020
2020-11-05,Weekday,8.036873,2020
2020-11-06,Saturday,7.1752086,2020
2020-11-07,Sunday/Holiday,8.050041,2020
2020-11-08,Weekday,7.6645584,2020
2020-11-09,Weekday,3.3320305,2020
2020-11-10,Weekday,1.6063848,2020
2020-11-11,Weekday,1.4930745,2020
2020-11-12,Weekday,1.2280396,2020
2020-11-13,Saturday,1.8429236,2020
2020-11-14,Sunday/Holiday,6.0473647,2020
2020-11-15,Weekday,1.6315955,2020
2020-11-16,Weekday,5.1488833,2020
2020-11-17,Weekday,7.4010386,2020
2020-11-18,Weekday,7.0791492,2020
2020-11-19,Weekday,3.0325413,2020
2020-11-20,Saturday,3.4721549,2020
2020-11-21,Sunday/Holiday,0.84672135,2020
2020-11-22,Weekday,1.9942794,2020
2020-11-23,Weekday,4.1895323,2020
2020-11-24,Weekday,3.124451,2020
2020-11-25,Weekday,-2.082351,2020
2020-11-26,Weekday,-2.615636,2020
2020-11-27,Saturday,-2.6763418,2020
2020-11-28,Sunday/Holiday,-1.7677733,2020
2020-11-29,Weekday,-0.7342112,2020
2020-11-30,Weekday,-0.2908135,2020
2020-12-01,Weekday,-2.1040537,2020
2020-12-02,Weekday,-4.0683045,2020
2020-12-03,Weekday,-3.8854578,2020
2020-12-04,Saturday,-3.0059545,2020
2020-12-05,Sunday/Holiday,1.6542188,2020
2020-12-06,Weekday,5.1692586,2020
2020-12-07,Weekday,3.1999376,2020
2020-12-08,Sunday/Holiday,0.3328348,2020
2020-12-09,Weekday,-0.19850004,2020
2020-12-10,Weekday,0.35420886,2020
2020-12-11,Saturday,-0.65662026,2020
2020-12-12,Sunday/Holiday,-0.6584346,2020
2020-12-13,Weekday,-0.14886461,2020
2020-12-14,Weekday,0.67271894,2020
2020-12-15,Weekday,-2.1722472,2020
2020-12-16,Weekday,-0.81087846,2020
2020-12-17,Weekday,-0.4193019,2020
2020-12-18,Saturday,0.77426237,2020
2020-12-19,Sunday/Holiday,-1.1193699,2020
2020-12-20,Weekday,-1.5578963,2020
2020-12-21,Weekday,-1.0384502,2020
2020-12-22,Weekday,5.027849,2020
2020-12-23,Weekday,10.660499,2020
2020-12-24,Weekday,6.947231,2020
2020-12-25,Sunday/Holiday,2.165693,2020
2020-12-26,Sunday/Holiday,-1.050615,2020
2020-12-27,Weekday,-4.491315,2020
2020-12-28,Weekday,-2.3666008,2020
2020-12-29,Weekday,1.3359442,2020
2020-12-30,Weekday,2.0117445,2020
2020-12-31,Weekday,1.5452905,2020
